id,trial,trialord,blink,age,female_baby,female_parent,lullaby_side,lullaby_order,lullaby_character,condition,lultrial
8001,1,1,1,2.2997947,1,1,left,first,red,1,
8001,2,1,0,2.2997947,1,1,left,first,red,1,1
8001,3,2,1,2.2997947,1,1,left,first,red,1,0
8001,4,4,1,2.2997947,1,1,left,first,red,1,
8001,5,3,0,2.2997947,1,1,left,first,red,1,0
8001,6,4,3,2.2997947,1,1,left,first,red,1,1
8001,7,7,3,2.2997947,1,1,left,first,red,1,
8001,8,5,1,2.2997947,1,1,left,first,red,1,1
8001,9,6,2,2.2997947,1,1,left,first,red,1,0
8001,10,10,2,2.2997947,1,1,left,first,red,1,
8001,11,7,0,2.2997947,1,1,left,first,red,1,0
8001,12,8,1,2.2997947,1,1,left,first,red,1,1
8001,13,13,0,2.2997947,1,1,left,first,red,1,
8002,1,1,3,11.63039,0,1,left,first,red,2,
8002,2,1,1,11.63039,0,1,left,first,red,2,1
8002,3,2,0,11.63039,0,1,left,first,red,2,0
8002,4,4,3,11.63039,0,1,left,first,red,2,
8002,5,3,2,11.63039,0,1,left,first,red,2,0
8002,6,4,3,11.63039,0,1,left,first,red,2,1
8002,7,7,3,11.63039,0,1,left,first,red,2,
8002,8,5,2,11.63039,0,1,left,first,red,2,1
8002,9,6,1,11.63039,0,1,left,first,red,2,0
8002,10,10,2,11.63039,0,1,left,first,red,2,
8002,11,7,0,11.63039,0,1,left,first,red,2,0
8002,12,8,2,11.63039,0,1,left,first,red,2,1
8002,13,13,4,11.63039,0,1,left,first,red,2,
8003,1,1,2,8.8049278,0,1,left,second,blue,12,
8003,2,1,2,8.8049278,0,1,left,second,blue,12,0
8003,3,2,1,8.8049278,0,1,left,second,blue,12,1
8003,4,4,4,8.8049278,0,1,left,second,blue,12,
8003,5,3,2,8.8049278,0,1,left,second,blue,12,1
8003,6,4,2,8.8049278,0,1,left,second,blue,12,0
8003,7,7,3,8.8049278,0,1,left,second,blue,12,
8003,8,5,2,8.8049278,0,1,left,second,blue,12,0
8003,9,6,3,8.8049278,0,1,left,second,blue,12,1
8003,10,10,6,8.8049278,0,1,left,second,blue,12,
8003,11,7,2,8.8049278,0,1,left,second,blue,12,1
8003,12,8,4,8.8049278,0,1,left,second,blue,12,0
8003,13,13,3,8.8049278,0,1,left,second,blue,12,
8004,1,1,4,8.3778238,0,1,right,first,red,13,
8004,2,1,2,8.3778238,0,1,right,first,red,13,1
8004,3,2,2,8.3778238,0,1,right,first,red,13,0
8004,4,4,3,8.3778238,0,1,right,first,red,13,
8004,5,3,2,8.3778238,0,1,right,first,red,13,0
8004,6,4,2,8.3778238,0,1,right,first,red,13,1
8004,7,7,3,8.3778238,0,1,right,first,red,13,
8004,8,5,2,8.3778238,0,1,right,first,red,13,1
8004,9,6,3,8.3778238,0,1,right,first,red,13,0
8004,10,10,2,8.3778238,0,1,right,first,red,13,
8004,11,7,2,8.3778238,0,1,right,first,red,13,0
8004,12,8,2,8.3778238,0,1,right,first,red,13,1
8004,13,13,2,8.3778238,0,1,right,first,red,13,
8005,1,1,1,3.9425051,0,0,left,second,blue,11,
8005,2,1,0,3.9425051,0,0,left,second,blue,11,0
8005,3,2,1,3.9425051,0,0,left,second,blue,11,1
8005,4,4,0,3.9425051,0,0,left,second,blue,11,
8005,5,3,0,3.9425051,0,0,left,second,blue,11,1
8005,6,4,0,3.9425051,0,0,left,second,blue,11,0
8005,7,7,0,3.9425051,0,0,left,second,blue,11,
8005,8,5,0,3.9425051,0,0,left,second,blue,11,0
8005,9,6,0,3.9425051,0,0,left,second,blue,11,1
8005,10,10,1,3.9425051,0,0,left,second,blue,11,
8005,11,7,0,3.9425051,0,0,left,second,blue,11,1
8005,12,8,0,3.9425051,0,0,left,second,blue,11,0
8005,13,13,2,3.9425051,0,0,left,second,blue,11,
8006,1,1,1,8.016427,1,1,left,first,red,2,
8006,2,1,2,8.016427,1,1,left,first,red,2,1
8006,3,2,2,8.016427,1,1,left,first,red,2,0
8006,4,4,2,8.016427,1,1,left,first,red,2,
8006,5,3,2,8.016427,1,1,left,first,red,2,0
8006,6,4,2,8.016427,1,1,left,first,red,2,1
8006,7,7,6,8.016427,1,1,left,first,red,2,
8006,8,5,2,8.016427,1,1,left,first,red,2,1
8006,9,6,4,8.016427,1,1,left,first,red,2,0
8006,10,10,3,8.016427,1,1,left,first,red,2,
8006,11,7,4,8.016427,1,1,left,first,red,2,0
8006,12,8,1,8.016427,1,1,left,first,red,2,1
8006,13,13,6,8.016427,1,1,left,first,red,2,
8007,1,1,1,11.236139,1,1,right,second,red,16,
8007,2,1,0,11.236139,1,1,right,second,red,16,0
8007,3,2,1,11.236139,1,1,right,second,red,16,1
8007,4,4,0,11.236139,1,1,right,second,red,16,
8007,5,3,4,11.236139,1,1,right,second,red,16,1
8007,6,4,2,11.236139,1,1,right,second,red,16,0
8007,7,7,2,11.236139,1,1,right,second,red,16,
8007,8,5,3,11.236139,1,1,right,second,red,16,0
8007,9,6,0,11.236139,1,1,right,second,red,16,1
8007,10,10,0,11.236139,1,1,right,second,red,16,
8007,11,7,3,11.236139,1,1,right,second,red,16,1
8007,12,8,1,11.236139,1,1,right,second,red,16,0
8007,13,13,1,11.236139,1,1,right,second,red,16,
8008,1,1,1,10.480493,1,1,right,first,red,14,
8008,2,1,0,10.480493,1,1,right,first,red,14,1
8008,3,2,2,10.480493,1,1,right,first,red,14,0
8008,4,4,1,10.480493,1,1,right,first,red,14,
8008,5,3,2,10.480493,1,1,right,first,red,14,0
8008,6,4,1,10.480493,1,1,right,first,red,14,1
8008,7,7,0,10.480493,1,1,right,first,red,14,
8008,8,5,0,10.480493,1,1,right,first,red,14,1
8008,9,6,0,10.480493,1,1,right,first,red,14,0
8008,10,10,0,10.480493,1,1,right,first,red,14,
8008,11,7,0,10.480493,1,1,right,first,red,14,0
8008,12,8,0,10.480493,1,1,right,first,red,14,1
8008,13,13,0,10.480493,1,1,right,first,red,14,
8009,1,1,2,12.353183,1,1,left,second,blue,12,
8009,2,1,1,12.353183,1,1,left,second,blue,12,0
8009,3,2,1,12.353183,1,1,left,second,blue,12,1
8009,4,4,2,12.353183,1,1,left,second,blue,12,
8009,5,3,1,12.353183,1,1,left,second,blue,12,1
8009,6,4,2,12.353183,1,1,left,second,blue,12,0
8009,7,7,1,12.353183,1,1,left,second,blue,12,
8009,8,5,2,12.353183,1,1,left,second,blue,12,0
8009,9,6,2,12.353183,1,1,left,second,blue,12,1
8009,10,10,1,12.353183,1,1,left,second,blue,12,
8009,11,7,1,12.353183,1,1,left,second,blue,12,1
8009,12,8,2,12.353183,1,1,left,second,blue,12,0
8009,13,13,2,12.353183,1,1,left,second,blue,12,
8010,1,1,2,4.1396303,0,1,right,second,blue,8,
8010,2,1,0,4.1396303,0,1,right,second,blue,8,0
8010,3,2,2,4.1396303,0,1,right,second,blue,8,1
8010,4,4,3,4.1396303,0,1,right,second,blue,8,
8010,5,3,0,4.1396303,0,1,right,second,blue,8,1
8010,6,4,1,4.1396303,0,1,right,second,blue,8,0
8010,7,7,3,4.1396303,0,1,right,second,blue,8,
8010,8,5,2,4.1396303,0,1,right,second,blue,8,0
8010,9,6,2,4.1396303,0,1,right,second,blue,8,1
8010,10,10,2,4.1396303,0,1,right,second,blue,8,
8010,11,7,1,4.1396303,0,1,right,second,blue,8,1
8010,12,8,2,4.1396303,0,1,right,second,blue,8,0
8010,13,13,2,4.1396303,0,1,right,second,blue,8,
8011,1,1,2,3.6139631,0,1,left,second,red,4,
8011,2,1,0,3.6139631,0,1,left,second,red,4,0
8011,3,2,2,3.6139631,0,1,left,second,red,4,1
8011,4,4,1,3.6139631,0,1,left,second,red,4,
8011,5,3,0,3.6139631,0,1,left,second,red,4,1
8011,6,4,1,3.6139631,0,1,left,second,red,4,0
8011,7,7,5,3.6139631,0,1,left,second,red,4,
8011,8,5,2,3.6139631,0,1,left,second,red,4,0
8011,9,6,1,3.6139631,0,1,left,second,red,4,1
8011,10,10,3,3.6139631,0,1,left,second,red,4,
8011,11,7,0,3.6139631,0,1,left,second,red,4,1
8011,12,8,4,3.6139631,0,1,left,second,red,4,0
8011,13,13,2,3.6139631,0,1,left,second,red,4,
8012,1,1,3,10.349076,1,1,right,first,blue,5,
8012,2,1,0,10.349076,1,1,right,first,blue,5,1
8012,3,2,2,10.349076,1,1,right,first,blue,5,0
8012,4,4,1,10.349076,1,1,right,first,blue,5,
8012,5,3,1,10.349076,1,1,right,first,blue,5,0
8012,6,4,1,10.349076,1,1,right,first,blue,5,1
8012,7,7,2,10.349076,1,1,right,first,blue,5,
8012,8,5,2,10.349076,1,1,right,first,blue,5,1
8012,9,6,2,10.349076,1,1,right,first,blue,5,0
8012,10,10,3,10.349076,1,1,right,first,blue,5,
8012,11,7,1,10.349076,1,1,right,first,blue,5,0
8012,12,8,4,10.349076,1,1,right,first,blue,5,1
8012,13,13,2,10.349076,1,1,right,first,blue,5,
8013,1,1,1,11.104723,0,1,left,second,red,4,
8013,2,1,0,11.104723,0,1,left,second,red,4,0
8013,3,2,2,11.104723,0,1,left,second,red,4,1
8013,4,4,1,11.104723,0,1,left,second,red,4,
8013,5,3,1,11.104723,0,1,left,second,red,4,1
8013,6,4,1,11.104723,0,1,left,second,red,4,0
8013,7,7,1,11.104723,0,1,left,second,red,4,
8013,8,5,0,11.104723,0,1,left,second,red,4,0
8013,9,6,0,11.104723,0,1,left,second,red,4,1
8013,10,10,3,11.104723,0,1,left,second,red,4,
8013,11,7,1,11.104723,0,1,left,second,red,4,1
8013,12,8,1,11.104723,0,1,left,second,red,4,0
8013,13,13,2,11.104723,0,1,left,second,red,4,
8014,1,1,0,7.983573,1,1,left,second,red,4,
8014,2,1,0,7.983573,1,1,left,second,red,4,0
8014,3,2,0,7.983573,1,1,left,second,red,4,1
8014,4,4,1,7.983573,1,1,left,second,red,4,
8014,5,3,2,7.983573,1,1,left,second,red,4,1
8014,6,4,1,7.983573,1,1,left,second,red,4,0
8014,7,7,1,7.983573,1,1,left,second,red,4,
8014,8,5,0,7.983573,1,1,left,second,red,4,0
8014,9,6,0,7.983573,1,1,left,second,red,4,1
8014,10,10,0,7.983573,1,1,left,second,red,4,
8014,11,7,0,7.983573,1,1,left,second,red,4,1
8014,12,8,0,7.983573,1,1,left,second,red,4,0
8014,13,13,0,7.983573,1,1,left,second,red,4,
8017,1,1,2,9.9876795,0,1,right,first,blue,5,
8017,2,1,3,9.9876795,0,1,right,first,blue,5,1
8017,3,2,1,9.9876795,0,1,right,first,blue,5,0
8017,4,4,2,9.9876795,0,1,right,first,blue,5,
8017,5,3,0,9.9876795,0,1,right,first,blue,5,0
8017,6,4,0,9.9876795,0,1,right,first,blue,5,1
8017,7,7,0,9.9876795,0,1,right,first,blue,5,
8017,8,5,0,9.9876795,0,1,right,first,blue,5,1
8017,9,6,0,9.9876795,0,1,right,first,blue,5,0
8017,10,10,0,9.9876795,0,1,right,first,blue,5,
8017,11,7,0,9.9876795,0,1,right,first,blue,5,0
8017,12,8,0,9.9876795,0,1,right,first,blue,5,1
8017,13,13,0,9.9876795,0,1,right,first,blue,5,
8018,1,1,3,9.6262836,1,1,left,second,red,4,
8018,2,1,4,9.6262836,1,1,left,second,red,4,0
8018,3,2,0,9.6262836,1,1,left,second,red,4,1
8018,4,4,2,9.6262836,1,1,left,second,red,4,
8018,5,3,3,9.6262836,1,1,left,second,red,4,1
8018,6,4,1,9.6262836,1,1,left,second,red,4,0
8018,7,7,2,9.6262836,1,1,left,second,red,4,
8018,8,5,2,9.6262836,1,1,left,second,red,4,0
8018,9,6,2,9.6262836,1,1,left,second,red,4,1
8018,10,10,1,9.6262836,1,1,left,second,red,4,
8018,11,7,2,9.6262836,1,1,left,second,red,4,1
8018,12,8,2,9.6262836,1,1,left,second,red,4,0
8018,13,13,1,9.6262836,1,1,left,second,red,4,
8019,1,1,1,8.7720737,0,1,left,first,red,1,
8019,2,1,0,8.7720737,0,1,left,first,red,1,1
8019,3,2,1,8.7720737,0,1,left,first,red,1,0
8019,4,4,2,8.7720737,0,1,left,first,red,1,
8019,5,3,0,8.7720737,0,1,left,first,red,1,0
8019,6,4,0,8.7720737,0,1,left,first,red,1,1
8019,7,7,0,8.7720737,0,1,left,first,red,1,
8019,8,5,1,8.7720737,0,1,left,first,red,1,1
8019,9,6,3,8.7720737,0,1,left,first,red,1,0
8019,10,10,2,8.7720737,0,1,left,first,red,1,
8019,11,7,3,8.7720737,0,1,left,first,red,1,0
8019,12,8,5,8.7720737,0,1,left,first,red,1,1
8019,13,13,0,8.7720737,0,1,left,first,red,1,
8020,1,1,3,4.7310061,1,1,right,first,blue,5,
8020,2,1,0,4.7310061,1,1,right,first,blue,5,1
8020,3,2,1,4.7310061,1,1,right,first,blue,5,0
8020,4,4,1,4.7310061,1,1,right,first,blue,5,
8020,5,3,0,4.7310061,1,1,right,first,blue,5,0
8020,6,4,2,4.7310061,1,1,right,first,blue,5,1
8020,7,7,4,4.7310061,1,1,right,first,blue,5,
8020,8,5,0,4.7310061,1,1,right,first,blue,5,1
8020,9,6,3,4.7310061,1,1,right,first,blue,5,0
8020,10,10,3,4.7310061,1,1,right,first,blue,5,
8020,11,7,0,4.7310061,1,1,right,first,blue,5,0
8020,12,8,0,4.7310061,1,1,right,first,blue,5,1
8020,13,13,1,4.7310061,1,1,right,first,blue,5,
8021,1,1,2,4.2710471,0,1,left,first,blue,10,
8021,2,1,5,4.2710471,0,1,left,first,blue,10,1
8021,3,2,2,4.2710471,0,1,left,first,blue,10,0
8021,4,4,2,4.2710471,0,1,left,first,blue,10,
8021,5,3,1,4.2710471,0,1,left,first,blue,10,0
8021,6,4,1,4.2710471,0,1,left,first,blue,10,1
8021,7,7,1,4.2710471,0,1,left,first,blue,10,
8021,8,5,1,4.2710471,0,1,left,first,blue,10,1
8021,9,6,3,4.2710471,0,1,left,first,blue,10,0
8021,10,10,1,4.2710471,0,1,left,first,blue,10,
8021,11,7,1,4.2710471,0,1,left,first,blue,10,0
8021,12,8,0,4.2710471,0,1,left,first,blue,10,1
8021,13,13,1,4.2710471,0,1,left,first,blue,10,
8022,1,1,1,10.77618,1,1,left,second,blue,11,
8022,2,1,1,10.77618,1,1,left,second,blue,11,0
8022,3,2,3,10.77618,1,1,left,second,blue,11,1
8022,4,4,3,10.77618,1,1,left,second,blue,11,
8022,5,3,4,10.77618,1,1,left,second,blue,11,1
8022,6,4,3,10.77618,1,1,left,second,blue,11,0
8022,7,7,2,10.77618,1,1,left,second,blue,11,
8022,8,5,4,10.77618,1,1,left,second,blue,11,0
8022,9,6,5,10.77618,1,1,left,second,blue,11,1
8022,10,10,1,10.77618,1,1,left,second,blue,11,
8022,11,7,3,10.77618,1,1,left,second,blue,11,1
8022,12,8,3,10.77618,1,1,left,second,blue,11,0
8022,13,13,3,10.77618,1,1,left,second,blue,11,
8023,1,1,4,9.1991787,1,1,right,first,red,13,
8023,2,1,0,9.1991787,1,1,right,first,red,13,1
8023,3,2,1,9.1991787,1,1,right,first,red,13,0
8023,4,4,2,9.1991787,1,1,right,first,red,13,
8023,5,3,1,9.1991787,1,1,right,first,red,13,0
8023,6,4,0,9.1991787,1,1,right,first,red,13,1
8023,7,7,0,9.1991787,1,1,right,first,red,13,
8023,8,5,0,9.1991787,1,1,right,first,red,13,1
8023,9,6,0,9.1991787,1,1,right,first,red,13,0
8023,10,10,0,9.1991787,1,1,right,first,red,13,
8023,11,7,0,9.1991787,1,1,right,first,red,13,0
8023,12,8,0,9.1991787,1,1,right,first,red,13,1
8023,13,13,0,9.1991787,1,1,right,first,red,13,
8024,1,1,2,10.513347,0,1,left,first,red,1,
8024,2,1,2,10.513347,0,1,left,first,red,1,1
8024,3,2,0,10.513347,0,1,left,first,red,1,0
8024,4,4,4,10.513347,0,1,left,first,red,1,
8024,5,3,2,10.513347,0,1,left,first,red,1,0
8024,6,4,1,10.513347,0,1,left,first,red,1,1
8024,7,7,5,10.513347,0,1,left,first,red,1,
8024,8,5,3,10.513347,0,1,left,first,red,1,1
8024,9,6,2,10.513347,0,1,left,first,red,1,0
8024,10,10,4,10.513347,0,1,left,first,red,1,
8024,11,7,2,10.513347,0,1,left,first,red,1,0
8024,12,8,2,10.513347,0,1,left,first,red,1,1
8024,13,13,4,10.513347,0,1,left,first,red,1,
8025,1,1,1,2.4312115,1,1,left,second,red,3,
8025,2,1,0,2.4312115,1,1,left,second,red,3,0
8025,3,2,0,2.4312115,1,1,left,second,red,3,1
8025,4,4,1,2.4312115,1,1,left,second,red,3,
8025,5,3,1,2.4312115,1,1,left,second,red,3,1
8025,6,4,0,2.4312115,1,1,left,second,red,3,0
8025,7,7,0,2.4312115,1,1,left,second,red,3,
8025,8,5,2,2.4312115,1,1,left,second,red,3,0
8025,9,6,2,2.4312115,1,1,left,second,red,3,1
8025,10,10,1,2.4312115,1,1,left,second,red,3,
8025,11,7,0,2.4312115,1,1,left,second,red,3,1
8025,12,8,2,2.4312115,1,1,left,second,red,3,0
8025,13,13,1,2.4312115,1,1,left,second,red,3,
8026,1,1,0,10.38193,0,1,left,first,red,1,
8026,2,1,1,10.38193,0,1,left,first,red,1,1
8026,3,2,1,10.38193,0,1,left,first,red,1,0
8026,4,4,0,10.38193,0,1,left,first,red,1,
8026,5,3,0,10.38193,0,1,left,first,red,1,0
8026,6,4,0,10.38193,0,1,left,first,red,1,1
8026,7,7,0,10.38193,0,1,left,first,red,1,
8026,8,5,2,10.38193,0,1,left,first,red,1,1
8026,9,6,1,10.38193,0,1,left,first,red,1,0
8026,10,10,0,10.38193,0,1,left,first,red,1,
8026,11,7,1,10.38193,0,1,left,first,red,1,0
8026,12,8,1,10.38193,0,1,left,first,red,1,1
8026,13,13,1,10.38193,0,1,left,first,red,1,
8027,1,1,6,11.071869,0,1,right,first,blue,6,
8027,2,1,9,11.071869,0,1,right,first,blue,6,1
8027,3,2,2,11.071869,0,1,right,first,blue,6,0
8027,4,4,1,11.071869,0,1,right,first,blue,6,
8027,5,3,2,11.071869,0,1,right,first,blue,6,0
8027,6,4,2,11.071869,0,1,right,first,blue,6,1
8027,7,7,0,11.071869,0,1,right,first,blue,6,
8027,8,5,0,11.071869,0,1,right,first,blue,6,1
8027,9,6,0,11.071869,0,1,right,first,blue,6,0
8027,10,10,0,11.071869,0,1,right,first,blue,6,
8027,11,7,0,11.071869,0,1,right,first,blue,6,0
8027,12,8,0,11.071869,0,1,right,first,blue,6,1
8027,13,13,0,11.071869,0,1,right,first,blue,6,
8028,1,1,0,14.324435,1,1,right,second,blue,7,
8028,2,1,0,14.324435,1,1,right,second,blue,7,0
8028,3,2,1,14.324435,1,1,right,second,blue,7,1
8028,4,4,0,14.324435,1,1,right,second,blue,7,
8028,5,3,0,14.324435,1,1,right,second,blue,7,1
8028,6,4,1,14.324435,1,1,right,second,blue,7,0
8028,7,7,2,14.324435,1,1,right,second,blue,7,
8028,8,5,1,14.324435,1,1,right,second,blue,7,0
8028,9,6,1,14.324435,1,1,right,second,blue,7,1
8028,10,10,0,14.324435,1,1,right,second,blue,7,
8028,11,7,1,14.324435,1,1,right,second,blue,7,1
8028,12,8,2,14.324435,1,1,right,second,blue,7,0
8028,13,13,2,14.324435,1,1,right,second,blue,7,
8029,1,1,1,12.813142,0,1,left,first,blue,10,
8029,2,1,0,12.813142,0,1,left,first,blue,10,1
8029,3,2,3,12.813142,0,1,left,first,blue,10,0
8029,4,4,2,12.813142,0,1,left,first,blue,10,
8029,5,3,0,12.813142,0,1,left,first,blue,10,0
8029,6,4,1,12.813142,0,1,left,first,blue,10,1
8029,7,7,0,12.813142,0,1,left,first,blue,10,
8029,8,5,0,12.813142,0,1,left,first,blue,10,1
8029,9,6,2,12.813142,0,1,left,first,blue,10,0
8029,10,10,1,12.813142,0,1,left,first,blue,10,
8029,11,7,0,12.813142,0,1,left,first,blue,10,0
8029,12,8,0,12.813142,0,1,left,first,blue,10,1
8029,13,13,0,12.813142,0,1,left,first,blue,10,
8030,1,1,2,12.386037,1,1,right,first,blue,6,
8030,2,1,1,12.386037,1,1,right,first,blue,6,1
8030,3,2,1,12.386037,1,1,right,first,blue,6,0
8030,4,4,4,12.386037,1,1,right,first,blue,6,
8030,5,3,4,12.386037,1,1,right,first,blue,6,0
8030,6,4,2,12.386037,1,1,right,first,blue,6,1
8030,7,7,1,12.386037,1,1,right,first,blue,6,
8030,8,5,2,12.386037,1,1,right,first,blue,6,1
8030,9,6,4,12.386037,1,1,right,first,blue,6,0
8030,10,10,4,12.386037,1,1,right,first,blue,6,
8030,11,7,2,12.386037,1,1,right,first,blue,6,0
8030,12,8,3,12.386037,1,1,right,first,blue,6,1
8030,13,13,4,12.386037,1,1,right,first,blue,6,
8031,1,1,0,4.0082135,0,0,right,second,red,15,
8031,2,1,0,4.0082135,0,0,right,second,red,15,0
8031,3,2,0,4.0082135,0,0,right,second,red,15,1
8031,4,4,1,4.0082135,0,0,right,second,red,15,
8031,5,3,0,4.0082135,0,0,right,second,red,15,1
8031,6,4,1,4.0082135,0,0,right,second,red,15,0
8031,7,7,0,4.0082135,0,0,right,second,red,15,
8031,8,5,2,4.0082135,0,0,right,second,red,15,0
8031,9,6,1,4.0082135,0,0,right,second,red,15,1
8031,10,10,1,4.0082135,0,0,right,second,red,15,
8031,11,7,0,4.0082135,0,0,right,second,red,15,1
8031,12,8,2,4.0082135,0,0,right,second,red,15,0
8031,13,13,1,4.0082135,0,0,right,second,red,15,
8032,1,1,0,5.1581111,1,0,left,first,blue,10,
8032,2,1,0,5.1581111,1,0,left,first,blue,10,1
8032,3,2,1,5.1581111,1,0,left,first,blue,10,0
8032,4,4,2,5.1581111,1,0,left,first,blue,10,
8032,5,3,3,5.1581111,1,0,left,first,blue,10,0
8032,6,4,2,5.1581111,1,0,left,first,blue,10,1
8032,7,7,1,5.1581111,1,0,left,first,blue,10,
8032,8,5,1,5.1581111,1,0,left,first,blue,10,1
8032,9,6,1,5.1581111,1,0,left,first,blue,10,0
8032,10,10,1,5.1581111,1,0,left,first,blue,10,
8032,11,7,3,5.1581111,1,0,left,first,blue,10,0
8032,12,8,2,5.1581111,1,0,left,first,blue,10,1
8032,13,13,2,5.1581111,1,0,left,first,blue,10,
8033,1,1,0,4.895277,0,1,left,first,red,2,
8033,2,1,0,4.895277,0,1,left,first,red,2,1
8033,3,2,1,4.895277,0,1,left,first,red,2,0
8033,4,4,0,4.895277,0,1,left,first,red,2,
8033,5,3,0,4.895277,0,1,left,first,red,2,0
8033,6,4,0,4.895277,0,1,left,first,red,2,1
8033,7,7,2,4.895277,0,1,left,first,red,2,
8033,8,5,1,4.895277,0,1,left,first,red,2,1
8033,9,6,0,4.895277,0,1,left,first,red,2,0
8033,10,10,3,4.895277,0,1,left,first,red,2,
8033,11,7,1,4.895277,0,1,left,first,red,2,0
8033,12,8,1,4.895277,0,1,left,first,red,2,1
8033,13,13,1,4.895277,0,1,left,first,red,2,
8034,1,1,2,3.3511293,0,1,right,first,blue,6,
8034,2,1,1,3.3511293,0,1,right,first,blue,6,1
8034,3,2,3,3.3511293,0,1,right,first,blue,6,0
8034,4,4,5,3.3511293,0,1,right,first,blue,6,
8034,5,3,1,3.3511293,0,1,right,first,blue,6,0
8034,6,4,1,3.3511293,0,1,right,first,blue,6,1
8034,7,7,2,3.3511293,0,1,right,first,blue,6,
8034,8,5,0,3.3511293,0,1,right,first,blue,6,1
8034,9,6,1,3.3511293,0,1,right,first,blue,6,0
8034,10,10,1,3.3511293,0,1,right,first,blue,6,
8034,11,7,1,3.3511293,0,1,right,first,blue,6,0
8034,12,8,1,3.3511293,0,1,right,first,blue,6,1
8034,13,13,3,3.3511293,0,1,right,first,blue,6,
8035,1,1,1,6.7679672,0,1,left,first,blue,9,
8035,2,1,0,6.7679672,0,1,left,first,blue,9,1
8035,3,2,1,6.7679672,0,1,left,first,blue,9,0
8035,4,4,1,6.7679672,0,1,left,first,blue,9,
8035,5,3,1,6.7679672,0,1,left,first,blue,9,0
8035,6,4,1,6.7679672,0,1,left,first,blue,9,1
8035,7,7,0,6.7679672,0,1,left,first,blue,9,
8035,8,5,0,6.7679672,0,1,left,first,blue,9,1
8035,9,6,0,6.7679672,0,1,left,first,blue,9,0
8035,10,10,2,6.7679672,0,1,left,first,blue,9,
8035,11,7,1,6.7679672,0,1,left,first,blue,9,0
8035,12,8,2,6.7679672,0,1,left,first,blue,9,1
8035,13,13,1,6.7679672,0,1,left,first,blue,9,
8037,1,1,0,5.1581111,1,1,right,first,blue,6,
8037,2,1,0,5.1581111,1,1,right,first,blue,6,1
8037,3,2,0,5.1581111,1,1,right,first,blue,6,0
8037,4,4,0,5.1581111,1,1,right,first,blue,6,
8037,5,3,0,5.1581111,1,1,right,first,blue,6,0
8037,6,4,0,5.1581111,1,1,right,first,blue,6,1
8037,7,7,2,5.1581111,1,1,right,first,blue,6,
8037,8,5,1,5.1581111,1,1,right,first,blue,6,1
8037,9,6,1,5.1581111,1,1,right,first,blue,6,0
8037,10,10,0,5.1581111,1,1,right,first,blue,6,
8037,11,7,1,5.1581111,1,1,right,first,blue,6,0
8037,12,8,0,5.1581111,1,1,right,first,blue,6,1
8037,13,13,2,5.1581111,1,1,right,first,blue,6,
8040,1,1,3,10.61191,1,1,left,first,blue,10,
8040,2,1,1,10.61191,1,1,left,first,blue,10,1
8040,3,2,0,10.61191,1,1,left,first,blue,10,0
8040,4,4,1,10.61191,1,1,left,first,blue,10,
8040,5,3,1,10.61191,1,1,left,first,blue,10,0
8040,6,4,0,10.61191,1,1,left,first,blue,10,1
8040,7,7,1,10.61191,1,1,left,first,blue,10,
8040,8,5,1,10.61191,1,1,left,first,blue,10,1
8040,9,6,0,10.61191,1,1,left,first,blue,10,0
8040,10,10,3,10.61191,1,1,left,first,blue,10,
8040,11,7,1,10.61191,1,1,left,first,blue,10,0
8040,12,8,3,10.61191,1,1,left,first,blue,10,1
8040,13,13,3,10.61191,1,1,left,first,blue,10,
8041,1,1,1,9.6262836,1,1,right,second,red,16,
8041,2,1,0,9.6262836,1,1,right,second,red,16,0
8041,3,2,0,9.6262836,1,1,right,second,red,16,1
8041,4,4,3,9.6262836,1,1,right,second,red,16,
8041,5,3,1,9.6262836,1,1,right,second,red,16,1
8041,6,4,1,9.6262836,1,1,right,second,red,16,0
8041,7,7,3,9.6262836,1,1,right,second,red,16,
8041,8,5,0,9.6262836,1,1,right,second,red,16,0
8041,9,6,1,9.6262836,1,1,right,second,red,16,1
8041,10,10,3,9.6262836,1,1,right,second,red,16,
8041,11,7,3,9.6262836,1,1,right,second,red,16,1
8041,12,8,0,9.6262836,1,1,right,second,red,16,0
8041,13,13,4,9.6262836,1,1,right,second,red,16,
8042,1,1,1,2.4312115,1,1,left,first,blue,10,
8042,2,1,1,2.4312115,1,1,left,first,blue,10,1
8042,3,2,1,2.4312115,1,1,left,first,blue,10,0
8042,4,4,1,2.4312115,1,1,left,first,blue,10,
8042,5,3,2,2.4312115,1,1,left,first,blue,10,0
8042,6,4,1,2.4312115,1,1,left,first,blue,10,1
8042,7,7,1,2.4312115,1,1,left,first,blue,10,
8042,8,5,4,2.4312115,1,1,left,first,blue,10,1
8042,9,6,0,2.4312115,1,1,left,first,blue,10,0
8042,10,10,4,2.4312115,1,1,left,first,blue,10,
8042,11,7,3,2.4312115,1,1,left,first,blue,10,0
8042,12,8,4,2.4312115,1,1,left,first,blue,10,1
8042,13,13,3,2.4312115,1,1,left,first,blue,10,
8043,1,1,0,12.024641,1,1,right,first,red,14,
8043,2,1,0,12.024641,1,1,right,first,red,14,1
8043,3,2,1,12.024641,1,1,right,first,red,14,0
8043,4,4,0,12.024641,1,1,right,first,red,14,
8043,5,3,0,12.024641,1,1,right,first,red,14,0
8043,6,4,2,12.024641,1,1,right,first,red,14,1
8043,7,7,0,12.024641,1,1,right,first,red,14,
8043,8,5,0,12.024641,1,1,right,first,red,14,1
8043,9,6,0,12.024641,1,1,right,first,red,14,0
8043,10,10,1,12.024641,1,1,right,first,red,14,
8043,11,7,1,12.024641,1,1,right,first,red,14,0
8043,12,8,0,12.024641,1,1,right,first,red,14,1
8043,13,13,1,12.024641,1,1,right,first,red,14,
8044,1,1,5,13.338809,0,1,right,second,blue,8,
8044,2,1,0,13.338809,0,1,right,second,blue,8,0
8044,3,2,4,13.338809,0,1,right,second,blue,8,1
8044,4,4,6,13.338809,0,1,right,second,blue,8,
8044,5,3,1,13.338809,0,1,right,second,blue,8,1
8044,6,4,0,13.338809,0,1,right,second,blue,8,0
8044,7,7,1,13.338809,0,1,right,second,blue,8,
8044,8,5,0,13.338809,0,1,right,second,blue,8,0
8044,9,6,0,13.338809,0,1,right,second,blue,8,1
8044,10,10,0,13.338809,0,1,right,second,blue,8,
8044,11,7,0,13.338809,0,1,right,second,blue,8,1
8044,12,8,0,13.338809,0,1,right,second,blue,8,0
8044,13,13,0,13.338809,0,1,right,second,blue,8,
8045,1,1,1,5.9137578,0,1,right,first,red,14,
8045,2,1,1,5.9137578,0,1,right,first,red,14,1
8045,3,2,1,5.9137578,0,1,right,first,red,14,0
8045,4,4,3,5.9137578,0,1,right,first,red,14,
8045,5,3,0,5.9137578,0,1,right,first,red,14,0
8045,6,4,1,5.9137578,0,1,right,first,red,14,1
8045,7,7,1,5.9137578,0,1,right,first,red,14,
8045,8,5,0,5.9137578,0,1,right,first,red,14,1
8045,9,6,1,5.9137578,0,1,right,first,red,14,0
8045,10,10,2,5.9137578,0,1,right,first,red,14,
8045,11,7,0,5.9137578,0,1,right,first,red,14,0
8045,12,8,2,5.9137578,0,1,right,first,red,14,1
8045,13,13,3,5.9137578,0,1,right,first,red,14,
8046,1,1,1,2.4312115,0,1,right,second,red,15,
8046,2,1,0,2.4312115,0,1,right,second,red,15,0
8046,3,2,3,2.4312115,0,1,right,second,red,15,1
8046,4,4,2,2.4312115,0,1,right,second,red,15,
8046,5,3,0,2.4312115,0,1,right,second,red,15,1
8046,6,4,3,2.4312115,0,1,right,second,red,15,0
8046,7,7,1,2.4312115,0,1,right,second,red,15,
8046,8,5,2,2.4312115,0,1,right,second,red,15,0
8046,9,6,2,2.4312115,0,1,right,second,red,15,1
8046,10,10,2,2.4312115,0,1,right,second,red,15,
8046,11,7,3,2.4312115,0,1,right,second,red,15,1
8046,12,8,3,2.4312115,0,1,right,second,red,15,0
8046,13,13,2,2.4312115,0,1,right,second,red,15,
8047,1,1,2,6.5379877,1,1,left,second,red,3,
8047,2,1,2,6.5379877,1,1,left,second,red,3,0
8047,3,2,1,6.5379877,1,1,left,second,red,3,1
8047,4,4,0,6.5379877,1,1,left,second,red,3,
8047,5,3,1,6.5379877,1,1,left,second,red,3,1
8047,6,4,5,6.5379877,1,1,left,second,red,3,0
8047,7,7,2,6.5379877,1,1,left,second,red,3,
8047,8,5,3,6.5379877,1,1,left,second,red,3,0
8047,9,6,3,6.5379877,1,1,left,second,red,3,1
8047,10,10,5,6.5379877,1,1,left,second,red,3,
8047,11,7,5,6.5379877,1,1,left,second,red,3,1
8047,12,8,7,6.5379877,1,1,left,second,red,3,0
8047,13,13,3,6.5379877,1,1,left,second,red,3,
8048,1,1,2,12.451745,0,0,right,first,red,13,
8048,2,1,1,12.451745,0,0,right,first,red,13,1
8048,3,2,3,12.451745,0,0,right,first,red,13,0
8048,4,4,1,12.451745,0,0,right,first,red,13,
8048,5,3,1,12.451745,0,0,right,first,red,13,0
8048,6,4,2,12.451745,0,0,right,first,red,13,1
8048,7,7,0,12.451745,0,0,right,first,red,13,
8048,8,5,0,12.451745,0,0,right,first,red,13,1
8048,9,6,0,12.451745,0,0,right,first,red,13,0
8048,10,10,0,12.451745,0,0,right,first,red,13,
8048,11,7,0,12.451745,0,0,right,first,red,13,0
8048,12,8,0,12.451745,0,0,right,first,red,13,1
8048,13,13,0,12.451745,0,0,right,first,red,13,
8050,1,1,0,4.1396303,0,1,right,first,red,13,
8050,2,1,0,4.1396303,0,1,right,first,red,13,1
8050,3,2,0,4.1396303,0,1,right,first,red,13,0
8050,4,4,0,4.1396303,0,1,right,first,red,13,
8050,5,3,0,4.1396303,0,1,right,first,red,13,0
8050,6,4,1,4.1396303,0,1,right,first,red,13,1
8050,7,7,0,4.1396303,0,1,right,first,red,13,
8050,8,5,0,4.1396303,0,1,right,first,red,13,1
8050,9,6,0,4.1396303,0,1,right,first,red,13,0
8050,10,10,0,4.1396303,0,1,right,first,red,13,
8050,11,7,0,4.1396303,0,1,right,first,red,13,0
8050,12,8,2,4.1396303,0,1,right,first,red,13,1
8050,13,13,1,4.1396303,0,1,right,first,red,13,
8051,1,1,1,5.0266938,1,1,right,second,blue,7,
8051,2,1,0,5.0266938,1,1,right,second,blue,7,0
8051,3,2,0,5.0266938,1,1,right,second,blue,7,1
8051,4,4,1,5.0266938,1,1,right,second,blue,7,
8051,5,3,1,5.0266938,1,1,right,second,blue,7,1
8051,6,4,1,5.0266938,1,1,right,second,blue,7,0
8051,7,7,2,5.0266938,1,1,right,second,blue,7,
8051,8,5,1,5.0266938,1,1,right,second,blue,7,0
8051,9,6,2,5.0266938,1,1,right,second,blue,7,1
8051,10,10,4,5.0266938,1,1,right,second,blue,7,
8051,11,7,1,5.0266938,1,1,right,second,blue,7,1
8051,12,8,0,5.0266938,1,1,right,second,blue,7,0
8051,13,13,2,5.0266938,1,1,right,second,blue,7,
8052,1,1,0,5.0266938,1,1,left,second,blue,12,
8052,2,1,0,5.0266938,1,1,left,second,blue,12,0
8052,3,2,0,5.0266938,1,1,left,second,blue,12,1
8052,4,4,0,5.0266938,1,1,left,second,blue,12,
8052,5,3,0,5.0266938,1,1,left,second,blue,12,1
8052,6,4,0,5.0266938,1,1,left,second,blue,12,0
8052,7,7,1,5.0266938,1,1,left,second,blue,12,
8052,8,5,0,5.0266938,1,1,left,second,blue,12,0
8052,9,6,1,5.0266938,1,1,left,second,blue,12,1
8052,10,10,2,5.0266938,1,1,left,second,blue,12,
8052,11,7,1,5.0266938,1,1,left,second,blue,12,1
8052,12,8,1,5.0266938,1,1,left,second,blue,12,0
8052,13,13,3,5.0266938,1,1,left,second,blue,12,
8053,1,1,0,8.2792606,0,1,left,first,blue,9,
8053,2,1,4,8.2792606,0,1,left,first,blue,9,1
8053,3,2,0,8.2792606,0,1,left,first,blue,9,0
8053,4,4,0,8.2792606,0,1,left,first,blue,9,
8053,5,3,1,8.2792606,0,1,left,first,blue,9,0
8053,6,4,1,8.2792606,0,1,left,first,blue,9,1
8053,7,7,0,8.2792606,0,1,left,first,blue,9,
8053,8,5,0,8.2792606,0,1,left,first,blue,9,1
8053,9,6,2,8.2792606,0,1,left,first,blue,9,0
8053,10,10,1,8.2792606,0,1,left,first,blue,9,
8053,11,7,0,8.2792606,0,1,left,first,blue,9,0
8053,12,8,0,8.2792606,0,1,left,first,blue,9,1
8053,13,13,4,8.2792606,0,1,left,first,blue,9,
8054,1,1,1,5.5852156,1,1,right,second,blue,7,
8054,2,1,3,5.5852156,1,1,right,second,blue,7,0
8054,3,2,3,5.5852156,1,1,right,second,blue,7,1
8054,4,4,3,5.5852156,1,1,right,second,blue,7,
8054,5,3,2,5.5852156,1,1,right,second,blue,7,1
8054,6,4,3,5.5852156,1,1,right,second,blue,7,0
8054,7,7,1,5.5852156,1,1,right,second,blue,7,
8054,8,5,4,5.5852156,1,1,right,second,blue,7,0
8054,9,6,2,5.5852156,1,1,right,second,blue,7,1
8054,10,10,2,5.5852156,1,1,right,second,blue,7,
8054,11,7,4,5.5852156,1,1,right,second,blue,7,1
8054,12,8,2,5.5852156,1,1,right,second,blue,7,0
8054,13,13,3,5.5852156,1,1,right,second,blue,7,
8055,1,1,1,4.5995893,1,1,left,second,red,3,
8055,2,1,1,4.5995893,1,1,left,second,red,3,0
8055,3,2,2,4.5995893,1,1,left,second,red,3,1
8055,4,4,3,4.5995893,1,1,left,second,red,3,
8055,5,3,1,4.5995893,1,1,left,second,red,3,1
8055,6,4,1,4.5995893,1,1,left,second,red,3,0
8055,7,7,2,4.5995893,1,1,left,second,red,3,
8055,8,5,3,4.5995893,1,1,left,second,red,3,0
8055,9,6,2,4.5995893,1,1,left,second,red,3,1
8055,10,10,0,4.5995893,1,1,left,second,red,3,
8055,11,7,0,4.5995893,1,1,left,second,red,3,1
8055,12,8,0,4.5995893,1,1,left,second,red,3,0
8055,13,13,0,4.5995893,1,1,left,second,red,3,
8057,1,1,1,9.8234091,0,1,left,first,blue,10,
8057,2,1,0,9.8234091,0,1,left,first,blue,10,1
8057,3,2,1,9.8234091,0,1,left,first,blue,10,0
8057,4,4,3,9.8234091,0,1,left,first,blue,10,
8057,5,3,1,9.8234091,0,1,left,first,blue,10,0
8057,6,4,0,9.8234091,0,1,left,first,blue,10,1
8057,7,7,3,9.8234091,0,1,left,first,blue,10,
8057,8,5,0,9.8234091,0,1,left,first,blue,10,1
8057,9,6,3,9.8234091,0,1,left,first,blue,10,0
8057,10,10,2,9.8234091,0,1,left,first,blue,10,
8057,11,7,0,9.8234091,0,1,left,first,blue,10,0
8057,12,8,2,9.8234091,0,1,left,first,blue,10,1
8057,13,13,4,9.8234091,0,1,left,first,blue,10,
8058,1,1,2,6.5051336,0,0,left,first,blue,10,
8058,2,1,3,6.5051336,0,0,left,first,blue,10,1
8058,3,2,4,6.5051336,0,0,left,first,blue,10,0
8058,4,4,5,6.5051336,0,0,left,first,blue,10,
8058,5,3,1,6.5051336,0,0,left,first,blue,10,0
8058,6,4,3,6.5051336,0,0,left,first,blue,10,1
8058,7,7,3,6.5051336,0,0,left,first,blue,10,
8058,8,5,1,6.5051336,0,0,left,first,blue,10,1
8058,9,6,2,6.5051336,0,0,left,first,blue,10,0
8058,10,10,2,6.5051336,0,0,left,first,blue,10,
8058,11,7,4,6.5051336,0,0,left,first,blue,10,0
8058,12,8,2,6.5051336,0,0,left,first,blue,10,1
8058,13,13,4,6.5051336,0,0,left,first,blue,10,
8059,1,1,0,2.1355236,1,1,left,second,red,4,
8059,2,1,0,2.1355236,1,1,left,second,red,4,0
8059,3,2,0,2.1355236,1,1,left,second,red,4,1
8059,4,4,0,2.1355236,1,1,left,second,red,4,
8059,5,3,1,2.1355236,1,1,left,second,red,4,1
8059,6,4,0,2.1355236,1,1,left,second,red,4,0
8059,7,7,0,2.1355236,1,1,left,second,red,4,
8059,8,5,0,2.1355236,1,1,left,second,red,4,0
8059,9,6,0,2.1355236,1,1,left,second,red,4,1
8059,10,10,0,2.1355236,1,1,left,second,red,4,
8059,11,7,2,2.1355236,1,1,left,second,red,4,1
8059,12,8,0,2.1355236,1,1,left,second,red,4,0
8059,13,13,0,2.1355236,1,1,left,second,red,4,
8060,1,1,1,10.316222,0,1,left,first,red,2,
8060,2,1,0,10.316222,0,1,left,first,red,2,1
8060,3,2,0,10.316222,0,1,left,first,red,2,0
8060,4,4,1,10.316222,0,1,left,first,red,2,
8060,5,3,0,10.316222,0,1,left,first,red,2,0
8060,6,4,0,10.316222,0,1,left,first,red,2,1
8060,7,7,1,10.316222,0,1,left,first,red,2,
8060,8,5,0,10.316222,0,1,left,first,red,2,1
8060,9,6,2,10.316222,0,1,left,first,red,2,0
8060,10,10,1,10.316222,0,1,left,first,red,2,
8060,11,7,1,10.316222,0,1,left,first,red,2,0
8060,12,8,0,10.316222,0,1,left,first,red,2,1
8060,13,13,0,10.316222,0,1,left,first,red,2,
8061,1,1,3,8.5092402,1,0,right,second,blue,8,
8061,2,1,1,8.5092402,1,0,right,second,blue,8,0
8061,3,2,2,8.5092402,1,0,right,second,blue,8,1
8061,4,4,1,8.5092402,1,0,right,second,blue,8,
8061,5,3,1,8.5092402,1,0,right,second,blue,8,1
8061,6,4,1,8.5092402,1,0,right,second,blue,8,0
8061,7,7,0,8.5092402,1,0,right,second,blue,8,
8061,8,5,10,8.5092402,1,0,right,second,blue,8,0
8061,9,6,2,8.5092402,1,0,right,second,blue,8,1
8061,10,10,4,8.5092402,1,0,right,second,blue,8,
8061,11,7,4,8.5092402,1,0,right,second,blue,8,1
8061,12,8,3,8.5092402,1,0,right,second,blue,8,0
8061,13,13,1,8.5092402,1,0,right,second,blue,8,
8062,1,1,1,8.7720737,0,1,right,second,red,15,
8062,2,1,0,8.7720737,0,1,right,second,red,15,0
8062,3,2,1,8.7720737,0,1,right,second,red,15,1
8062,4,4,4,8.7720737,0,1,right,second,red,15,
8062,5,3,0,8.7720737,0,1,right,second,red,15,1
8062,6,4,1,8.7720737,0,1,right,second,red,15,0
8062,7,7,2,8.7720737,0,1,right,second,red,15,
8062,8,5,1,8.7720737,0,1,right,second,red,15,0
8062,9,6,1,8.7720737,0,1,right,second,red,15,1
8062,10,10,0,8.7720737,0,1,right,second,red,15,
8062,11,7,1,8.7720737,0,1,right,second,red,15,1
8062,12,8,0,8.7720737,0,1,right,second,red,15,0
8062,13,13,0,8.7720737,0,1,right,second,red,15,
8063,1,1,0,4.5010266,0,1,left,second,blue,12,
8063,2,1,0,4.5010266,0,1,left,second,blue,12,0
8063,3,2,0,4.5010266,0,1,left,second,blue,12,1
8063,4,4,0,4.5010266,0,1,left,second,blue,12,
8063,5,3,0,4.5010266,0,1,left,second,blue,12,1
8063,6,4,1,4.5010266,0,1,left,second,blue,12,0
8063,7,7,1,4.5010266,0,1,left,second,blue,12,
8063,8,5,0,4.5010266,0,1,left,second,blue,12,0
8063,9,6,0,4.5010266,0,1,left,second,blue,12,1
8063,10,10,1,4.5010266,0,1,left,second,blue,12,
8063,11,7,1,4.5010266,0,1,left,second,blue,12,1
8063,12,8,2,4.5010266,0,1,left,second,blue,12,0
8063,13,13,2,4.5010266,0,1,left,second,blue,12,
8065,1,1,2,5.0266938,1,1,right,first,red,13,
8065,2,1,0,5.0266938,1,1,right,first,red,13,1
8065,3,2,1,5.0266938,1,1,right,first,red,13,0
8065,4,4,3,5.0266938,1,1,right,first,red,13,
8065,5,3,1,5.0266938,1,1,right,first,red,13,0
8065,6,4,2,5.0266938,1,1,right,first,red,13,1
8065,7,7,2,5.0266938,1,1,right,first,red,13,
8065,8,5,1,5.0266938,1,1,right,first,red,13,1
8065,9,6,5,5.0266938,1,1,right,first,red,13,0
8065,10,10,3,5.0266938,1,1,right,first,red,13,
8065,11,7,4,5.0266938,1,1,right,first,red,13,0
8065,12,8,2,5.0266938,1,1,right,first,red,13,1
8065,13,13,3,5.0266938,1,1,right,first,red,13,
8066,1,1,0,3.1868584,0,1,right,first,red,14,
8066,2,1,1,3.1868584,0,1,right,first,red,14,1
8066,3,2,1,3.1868584,0,1,right,first,red,14,0
8066,4,4,1,3.1868584,0,1,right,first,red,14,
8066,5,3,1,3.1868584,0,1,right,first,red,14,0
8066,6,4,0,3.1868584,0,1,right,first,red,14,1
8066,7,7,2,3.1868584,0,1,right,first,red,14,
8066,8,5,1,3.1868584,0,1,right,first,red,14,1
8066,9,6,4,3.1868584,0,1,right,first,red,14,0
8066,10,10,1,3.1868584,0,1,right,first,red,14,
8066,11,7,3,3.1868584,0,1,right,first,red,14,0
8066,12,8,1,3.1868584,0,1,right,first,red,14,1
8066,13,13,4,3.1868584,0,1,right,first,red,14,
8067,1,1,1,6.3737168,0,1,right,first,blue,5,
8067,2,1,1,6.3737168,0,1,right,first,blue,5,1
8067,3,2,3,6.3737168,0,1,right,first,blue,5,0
8067,4,4,2,6.3737168,0,1,right,first,blue,5,
8067,5,3,0,6.3737168,0,1,right,first,blue,5,0
8067,6,4,1,6.3737168,0,1,right,first,blue,5,1
8067,7,7,1,6.3737168,0,1,right,first,blue,5,
8067,8,5,2,6.3737168,0,1,right,first,blue,5,1
8067,9,6,2,6.3737168,0,1,right,first,blue,5,0
8067,10,10,2,6.3737168,0,1,right,first,blue,5,
8067,11,7,2,6.3737168,0,1,right,first,blue,5,0
8067,12,8,2,6.3737168,0,1,right,first,blue,5,1
8067,13,13,1,6.3737168,0,1,right,first,blue,5,
8068,1,1,3,3.1868584,1,1,left,second,red,3,
8068,2,1,3,3.1868584,1,1,left,second,red,3,0
8068,3,2,0,3.1868584,1,1,left,second,red,3,1
8068,4,4,2,3.1868584,1,1,left,second,red,3,
8068,5,3,1,3.1868584,1,1,left,second,red,3,1
8068,6,4,4,3.1868584,1,1,left,second,red,3,0
8068,7,7,2,3.1868584,1,1,left,second,red,3,
8068,8,5,1,3.1868584,1,1,left,second,red,3,0
8068,9,6,0,3.1868584,1,1,left,second,red,3,1
8068,10,10,4,3.1868584,1,1,left,second,red,3,
8068,11,7,3,3.1868584,1,1,left,second,red,3,1
8068,12,8,4,3.1868584,1,1,left,second,red,3,0
8068,13,13,0,3.1868584,1,1,left,second,red,3,
8069,1,1,2,11.170431,1,1,left,second,blue,11,
8069,2,1,0,11.170431,1,1,left,second,blue,11,0
8069,3,2,0,11.170431,1,1,left,second,blue,11,1
8069,4,4,2,11.170431,1,1,left,second,blue,11,
8069,5,3,0,11.170431,1,1,left,second,blue,11,1
8069,6,4,0,11.170431,1,1,left,second,blue,11,0
8069,7,7,2,11.170431,1,1,left,second,blue,11,
8069,8,5,1,11.170431,1,1,left,second,blue,11,0
8069,9,6,1,11.170431,1,1,left,second,blue,11,1
8069,10,10,1,11.170431,1,1,left,second,blue,11,
8069,11,7,2,11.170431,1,1,left,second,blue,11,1
8069,12,8,2,11.170431,1,1,left,second,blue,11,0
8069,13,13,3,11.170431,1,1,left,second,blue,11,
8070,1,1,1,5.1581111,1,1,left,first,red,1,
8070,2,1,0,5.1581111,1,1,left,first,red,1,1
8070,3,2,1,5.1581111,1,1,left,first,red,1,0
8070,4,4,5,5.1581111,1,1,left,first,red,1,
8070,5,3,1,5.1581111,1,1,left,first,red,1,0
8070,6,4,1,5.1581111,1,1,left,first,red,1,1
8070,7,7,0,5.1581111,1,1,left,first,red,1,
8070,8,5,1,5.1581111,1,1,left,first,red,1,1
8070,9,6,0,5.1581111,1,1,left,first,red,1,0
8070,10,10,4,5.1581111,1,1,left,first,red,1,
8070,11,7,0,5.1581111,1,1,left,first,red,1,0
8070,12,8,1,5.1581111,1,1,left,first,red,1,1
8070,13,13,5,5.1581111,1,1,left,first,red,1,
8071,1,1,1,8.6078033,0,1,left,second,blue,11,
8071,2,1,2,8.6078033,0,1,left,second,blue,11,0
8071,3,2,1,8.6078033,0,1,left,second,blue,11,1
8071,4,4,5,8.6078033,0,1,left,second,blue,11,
8071,5,3,4,8.6078033,0,1,left,second,blue,11,1
8071,6,4,3,8.6078033,0,1,left,second,blue,11,0
8071,7,7,1,8.6078033,0,1,left,second,blue,11,
8071,8,5,3,8.6078033,0,1,left,second,blue,11,0
8071,9,6,2,8.6078033,0,1,left,second,blue,11,1
8071,10,10,1,8.6078033,0,1,left,second,blue,11,
8071,11,7,2,8.6078033,0,1,left,second,blue,11,1
8071,12,8,1,8.6078033,0,1,left,second,blue,11,0
8071,13,13,2,8.6078033,0,1,left,second,blue,11,
8072,1,1,6,7.8521562,0,1,right,first,blue,6,
8072,2,1,3,7.8521562,0,1,right,first,blue,6,1
8072,3,2,2,7.8521562,0,1,right,first,blue,6,0
8072,4,4,4,7.8521562,0,1,right,first,blue,6,
8072,5,3,0,7.8521562,0,1,right,first,blue,6,0
8072,6,4,4,7.8521562,0,1,right,first,blue,6,1
8072,7,7,3,7.8521562,0,1,right,first,blue,6,
8072,8,5,1,7.8521562,0,1,right,first,blue,6,1
8072,9,6,3,7.8521562,0,1,right,first,blue,6,0
8072,10,10,4,7.8521562,0,1,right,first,blue,6,
8072,11,7,0,7.8521562,0,1,right,first,blue,6,0
8072,12,8,1,7.8521562,0,1,right,first,blue,6,1
8072,13,13,2,7.8521562,0,1,right,first,blue,6,
8073,1,1,3,7.8521562,0,1,right,first,blue,5,
8073,2,1,2,7.8521562,0,1,right,first,blue,5,1
8073,3,2,3,7.8521562,0,1,right,first,blue,5,0
8073,4,4,3,7.8521562,0,1,right,first,blue,5,
8073,5,3,1,7.8521562,0,1,right,first,blue,5,0
8073,6,4,2,7.8521562,0,1,right,first,blue,5,1
8073,7,7,3,7.8521562,0,1,right,first,blue,5,
8073,8,5,3,7.8521562,0,1,right,first,blue,5,1
8073,9,6,4,7.8521562,0,1,right,first,blue,5,0
8073,10,10,4,7.8521562,0,1,right,first,blue,5,
8073,11,7,5,7.8521562,0,1,right,first,blue,5,0
8073,12,8,5,7.8521562,0,1,right,first,blue,5,1
8073,13,13,4,7.8521562,0,1,right,first,blue,5,
8074,1,1,0,5.979466,0,1,left,second,blue,11,
8074,2,1,0,5.979466,0,1,left,second,blue,11,0
8074,3,2,1,5.979466,0,1,left,second,blue,11,1
8074,4,4,0,5.979466,0,1,left,second,blue,11,
8074,5,3,0,5.979466,0,1,left,second,blue,11,1
8074,6,4,0,5.979466,0,1,left,second,blue,11,0
8074,7,7,0,5.979466,0,1,left,second,blue,11,
8074,8,5,1,5.979466,0,1,left,second,blue,11,0
8074,9,6,3,5.979466,0,1,left,second,blue,11,1
8074,10,10,0,5.979466,0,1,left,second,blue,11,
8074,11,7,2,5.979466,0,1,left,second,blue,11,1
8074,12,8,2,5.979466,0,1,left,second,blue,11,0
8074,13,13,0,5.979466,0,1,left,second,blue,11,
8075,1,1,1,4.6981521,0,0,left,second,red,4,
8075,2,1,0,4.6981521,0,0,left,second,red,4,0
8075,3,2,0,4.6981521,0,0,left,second,red,4,1
8075,4,4,1,4.6981521,0,0,left,second,red,4,
8075,5,3,0,4.6981521,0,0,left,second,red,4,1
8075,6,4,1,4.6981521,0,0,left,second,red,4,0
8075,7,7,2,4.6981521,0,0,left,second,red,4,
8075,8,5,1,4.6981521,0,0,left,second,red,4,0
8075,9,6,0,4.6981521,0,0,left,second,red,4,1
8075,10,10,3,4.6981521,0,0,left,second,red,4,
8075,11,7,0,4.6981521,0,0,left,second,red,4,1
8075,12,8,0,4.6981521,0,0,left,second,red,4,0
8075,13,13,5,4.6981521,0,0,left,second,red,4,
8076,1,1,1,7.2607803,1,1,right,second,blue,8,
8076,2,1,1,7.2607803,1,1,right,second,blue,8,0
8076,3,2,2,7.2607803,1,1,right,second,blue,8,1
8076,4,4,0,7.2607803,1,1,right,second,blue,8,
8076,5,3,1,7.2607803,1,1,right,second,blue,8,1
8076,6,4,4,7.2607803,1,1,right,second,blue,8,0
8076,7,7,2,7.2607803,1,1,right,second,blue,8,
8076,8,5,2,7.2607803,1,1,right,second,blue,8,0
8076,9,6,1,7.2607803,1,1,right,second,blue,8,1
8076,10,10,3,7.2607803,1,1,right,second,blue,8,
8076,11,7,2,7.2607803,1,1,right,second,blue,8,1
8076,12,8,3,7.2607803,1,1,right,second,blue,8,0
8076,13,13,3,7.2607803,1,1,right,second,blue,8,
8077,1,1,0,4.4681726,1,1,right,first,red,14,
8077,2,1,1,4.4681726,1,1,right,first,red,14,1
8077,3,2,3,4.4681726,1,1,right,first,red,14,0
8077,4,4,1,4.4681726,1,1,right,first,red,14,
8077,5,3,1,4.4681726,1,1,right,first,red,14,0
8077,6,4,1,4.4681726,1,1,right,first,red,14,1
8077,7,7,0,4.4681726,1,1,right,first,red,14,
8077,8,5,0,4.4681726,1,1,right,first,red,14,1
8077,9,6,0,4.4681726,1,1,right,first,red,14,0
8077,10,10,1,4.4681726,1,1,right,first,red,14,
8077,11,7,2,4.4681726,1,1,right,first,red,14,0
8077,12,8,0,4.4681726,1,1,right,first,red,14,1
8077,13,13,1,4.4681726,1,1,right,first,red,14,
8078,1,1,1,4.7967148,0,1,left,first,blue,9,
8078,2,1,0,4.7967148,0,1,left,first,blue,9,1
8078,3,2,1,4.7967148,0,1,left,first,blue,9,0
8078,4,4,1,4.7967148,0,1,left,first,blue,9,
8078,5,3,1,4.7967148,0,1,left,first,blue,9,0
8078,6,4,1,4.7967148,0,1,left,first,blue,9,1
8078,7,7,0,4.7967148,0,1,left,first,blue,9,
8078,8,5,0,4.7967148,0,1,left,first,blue,9,1
8078,9,6,2,4.7967148,0,1,left,first,blue,9,0
8078,10,10,3,4.7967148,0,1,left,first,blue,9,
8078,11,7,2,4.7967148,0,1,left,first,blue,9,0
8078,12,8,2,4.7967148,0,1,left,first,blue,9,1
8078,13,13,4,4.7967148,0,1,left,first,blue,9,
8079,1,1,1,3.0225873,1,1,left,first,red,2,
8079,2,1,0,3.0225873,1,1,left,first,red,2,1
8079,3,2,1,3.0225873,1,1,left,first,red,2,0
8079,4,4,0,3.0225873,1,1,left,first,red,2,
8079,5,3,0,3.0225873,1,1,left,first,red,2,0
8079,6,4,1,3.0225873,1,1,left,first,red,2,1
8079,7,7,0,3.0225873,1,1,left,first,red,2,
8079,8,5,0,3.0225873,1,1,left,first,red,2,1
8079,9,6,1,3.0225873,1,1,left,first,red,2,0
8079,10,10,1,3.0225873,1,1,left,first,red,2,
8079,11,7,1,3.0225873,1,1,left,first,red,2,0
8079,12,8,1,3.0225873,1,1,left,first,red,2,1
8079,13,13,1,3.0225873,1,1,left,first,red,2,
8081,1,1,1,4.3696098,1,1,right,second,blue,7,
8081,2,1,1,4.3696098,1,1,right,second,blue,7,0
8081,3,2,0,4.3696098,1,1,right,second,blue,7,1
8081,4,4,1,4.3696098,1,1,right,second,blue,7,
8081,5,3,0,4.3696098,1,1,right,second,blue,7,1
8081,6,4,0,4.3696098,1,1,right,second,blue,7,0
8081,7,7,1,4.3696098,1,1,right,second,blue,7,
8081,8,5,0,4.3696098,1,1,right,second,blue,7,0
8081,9,6,0,4.3696098,1,1,right,second,blue,7,1
8081,10,10,1,4.3696098,1,1,right,second,blue,7,
8081,11,7,0,4.3696098,1,1,right,second,blue,7,1
8081,12,8,2,4.3696098,1,1,right,second,blue,7,0
8081,13,13,0,4.3696098,1,1,right,second,blue,7,
8082,1,1,1,4.5995893,1,1,right,second,red,15,
8082,2,1,0,4.5995893,1,1,right,second,red,15,0
8082,3,2,0,4.5995893,1,1,right,second,red,15,1
8082,4,4,1,4.5995893,1,1,right,second,red,15,
8082,5,3,1,4.5995893,1,1,right,second,red,15,1
8082,6,4,0,4.5995893,1,1,right,second,red,15,0
8082,7,7,1,4.5995893,1,1,right,second,red,15,
8082,8,5,0,4.5995893,1,1,right,second,red,15,0
8082,9,6,0,4.5995893,1,1,right,second,red,15,1
8082,10,10,2,4.5995893,1,1,right,second,red,15,
8082,11,7,1,4.5995893,1,1,right,second,red,15,1
8082,12,8,1,4.5995893,1,1,right,second,red,15,0
8082,13,13,1,4.5995893,1,1,right,second,red,15,
8083,1,1,2,8.016427,0,1,right,first,red,14,
8083,2,1,0,8.016427,0,1,right,first,red,14,1
8083,3,2,3,8.016427,0,1,right,first,red,14,0
8083,4,4,2,8.016427,0,1,right,first,red,14,
8083,5,3,0,8.016427,0,1,right,first,red,14,0
8083,6,4,0,8.016427,0,1,right,first,red,14,1
8083,7,7,0,8.016427,0,1,right,first,red,14,
8083,8,5,0,8.016427,0,1,right,first,red,14,1
8083,9,6,0,8.016427,0,1,right,first,red,14,0
8083,10,10,0,8.016427,0,1,right,first,red,14,
8083,11,7,0,8.016427,0,1,right,first,red,14,0
8083,12,8,0,8.016427,0,1,right,first,red,14,1
8083,13,13,0,8.016427,0,1,right,first,red,14,
8084,1,1,1,5.0595484,0,1,right,second,red,16,
8084,2,1,3,5.0595484,0,1,right,second,red,16,0
8084,3,2,1,5.0595484,0,1,right,second,red,16,1
8084,4,4,2,5.0595484,0,1,right,second,red,16,
8084,5,3,1,5.0595484,0,1,right,second,red,16,1
8084,6,4,1,5.0595484,0,1,right,second,red,16,0
8084,7,7,1,5.0595484,0,1,right,second,red,16,
8084,8,5,0,5.0595484,0,1,right,second,red,16,0
8084,9,6,2,5.0595484,0,1,right,second,red,16,1
8084,10,10,2,5.0595484,0,1,right,second,red,16,
8084,11,7,1,5.0595484,0,1,right,second,red,16,1
8084,12,8,2,5.0595484,0,1,right,second,red,16,0
8084,13,13,1,5.0595484,0,1,right,second,red,16,
8085,1,1,5,9.8891172,0,1,left,second,blue,12,
8085,2,1,0,9.8891172,0,1,left,second,blue,12,0
8085,3,2,1,9.8891172,0,1,left,second,blue,12,1
8085,4,4,4,9.8891172,0,1,left,second,blue,12,
8085,5,3,1,9.8891172,0,1,left,second,blue,12,1
8085,6,4,1,9.8891172,0,1,left,second,blue,12,0
8085,7,7,3,9.8891172,0,1,left,second,blue,12,
8085,8,5,0,9.8891172,0,1,left,second,blue,12,0
8085,9,6,0,9.8891172,0,1,left,second,blue,12,1
8085,10,10,0,9.8891172,0,1,left,second,blue,12,
8085,11,7,0,9.8891172,0,1,left,second,blue,12,1
8085,12,8,0,9.8891172,0,1,left,second,blue,12,0
8085,13,13,0,9.8891172,0,1,left,second,blue,12,
8086,1,1,0,3.778234,0,1,right,first,red,14,
8086,2,1,0,3.778234,0,1,right,first,red,14,1
8086,3,2,1,3.778234,0,1,right,first,red,14,0
8086,4,4,0,3.778234,0,1,right,first,red,14,
8086,5,3,0,3.778234,0,1,right,first,red,14,0
8086,6,4,0,3.778234,0,1,right,first,red,14,1
8086,7,7,1,3.778234,0,1,right,first,red,14,
8086,8,5,0,3.778234,0,1,right,first,red,14,1
8086,9,6,1,3.778234,0,1,right,first,red,14,0
8086,10,10,0,3.778234,0,1,right,first,red,14,
8086,11,7,1,3.778234,0,1,right,first,red,14,0
8086,12,8,2,3.778234,0,1,right,first,red,14,1
8086,13,13,1,3.778234,0,1,right,first,red,14,
8087,1,1,0,3.6796715,0,1,left,first,blue,9,
8087,2,1,0,3.6796715,0,1,left,first,blue,9,1
8087,3,2,0,3.6796715,0,1,left,first,blue,9,0
8087,4,4,0,3.6796715,0,1,left,first,blue,9,
8087,5,3,0,3.6796715,0,1,left,first,blue,9,0
8087,6,4,0,3.6796715,0,1,left,first,blue,9,1
8087,7,7,0,3.6796715,0,1,left,first,blue,9,
8087,8,5,0,3.6796715,0,1,left,first,blue,9,1
8087,9,6,0,3.6796715,0,1,left,first,blue,9,0
8087,10,10,0,3.6796715,0,1,left,first,blue,9,
8087,11,7,0,3.6796715,0,1,left,first,blue,9,0
8087,12,8,0,3.6796715,0,1,left,first,blue,9,1
8087,13,13,0,3.6796715,0,1,left,first,blue,9,
8088,1,1,3,8.2135525,1,1,right,second,blue,7,
8088,2,1,1,8.2135525,1,1,right,second,blue,7,0
8088,3,2,2,8.2135525,1,1,right,second,blue,7,1
8088,4,4,4,8.2135525,1,1,right,second,blue,7,
8088,5,3,2,8.2135525,1,1,right,second,blue,7,1
8088,6,4,4,8.2135525,1,1,right,second,blue,7,0
8088,7,7,2,8.2135525,1,1,right,second,blue,7,
8088,8,5,3,8.2135525,1,1,right,second,blue,7,0
8088,9,6,2,8.2135525,1,1,right,second,blue,7,1
8088,10,10,3,8.2135525,1,1,right,second,blue,7,
8088,11,7,2,8.2135525,1,1,right,second,blue,7,1
8088,12,8,3,8.2135525,1,1,right,second,blue,7,0
8088,13,13,1,8.2135525,1,1,right,second,blue,7,
8089,1,1,0,8.6406574,1,1,left,first,blue,10,
8089,2,1,0,8.6406574,1,1,left,first,blue,10,1
8089,3,2,2,8.6406574,1,1,left,first,blue,10,0
8089,4,4,1,8.6406574,1,1,left,first,blue,10,
8089,5,3,2,8.6406574,1,1,left,first,blue,10,0
8089,6,4,2,8.6406574,1,1,left,first,blue,10,1
8089,7,7,4,8.6406574,1,1,left,first,blue,10,
8089,8,5,4,8.6406574,1,1,left,first,blue,10,1
8089,9,6,2,8.6406574,1,1,left,first,blue,10,0
8089,10,10,1,8.6406574,1,1,left,first,blue,10,
8089,11,7,0,8.6406574,1,1,left,first,blue,10,0
8089,12,8,1,8.6406574,1,1,left,first,blue,10,1
8089,13,13,2,8.6406574,1,1,left,first,blue,10,
8090,1,1,1,10.316222,1,1,right,first,red,13,
8090,2,1,2,10.316222,1,1,right,first,red,13,1
8090,3,2,4,10.316222,1,1,right,first,red,13,0
8090,4,4,1,10.316222,1,1,right,first,red,13,
8090,5,3,2,10.316222,1,1,right,first,red,13,0
8090,6,4,2,10.316222,1,1,right,first,red,13,1
8090,7,7,1,10.316222,1,1,right,first,red,13,
8090,8,5,3,10.316222,1,1,right,first,red,13,1
8090,9,6,1,10.316222,1,1,right,first,red,13,0
8090,10,10,0,10.316222,1,1,right,first,red,13,
8090,11,7,1,10.316222,1,1,right,first,red,13,0
8090,12,8,1,10.316222,1,1,right,first,red,13,1
8090,13,13,0,10.316222,1,1,right,first,red,13,
8092,1,1,3,3.8767967,1,1,left,second,blue,12,
8092,2,1,2,3.8767967,1,1,left,second,blue,12,0
8092,3,2,2,3.8767967,1,1,left,second,blue,12,1
8092,4,4,2,3.8767967,1,1,left,second,blue,12,
8092,5,3,3,3.8767967,1,1,left,second,blue,12,1
8092,6,4,0,3.8767967,1,1,left,second,blue,12,0
8092,7,7,0,3.8767967,1,1,left,second,blue,12,
8092,8,5,0,3.8767967,1,1,left,second,blue,12,0
8092,9,6,0,3.8767967,1,1,left,second,blue,12,1
8092,10,10,0,3.8767967,1,1,left,second,blue,12,
8092,11,7,0,3.8767967,1,1,left,second,blue,12,1
8092,12,8,0,3.8767967,1,1,left,second,blue,12,0
8092,13,13,0,3.8767967,1,1,left,second,blue,12,
8093,1,1,4,9.330595,0,1,left,first,blue,9,
8093,2,1,3,9.330595,0,1,left,first,blue,9,1
8093,3,2,3,9.330595,0,1,left,first,blue,9,0
8093,4,4,1,9.330595,0,1,left,first,blue,9,
8093,5,3,3,9.330595,0,1,left,first,blue,9,0
8093,6,4,4,9.330595,0,1,left,first,blue,9,1
8093,7,7,1,9.330595,0,1,left,first,blue,9,
8093,8,5,1,9.330595,0,1,left,first,blue,9,1
8093,9,6,3,9.330595,0,1,left,first,blue,9,0
8093,10,10,3,9.330595,0,1,left,first,blue,9,
8093,11,7,3,9.330595,0,1,left,first,blue,9,0
8093,12,8,3,9.330595,0,1,left,first,blue,9,1
8093,13,13,3,9.330595,0,1,left,first,blue,9,
8094,1,1,0,4.2710471,0,1,right,first,blue,5,
8094,2,1,0,4.2710471,0,1,right,first,blue,5,1
8094,3,2,1,4.2710471,0,1,right,first,blue,5,0
8094,4,4,0,4.2710471,0,1,right,first,blue,5,
8094,5,3,0,4.2710471,0,1,right,first,blue,5,0
8094,6,4,0,4.2710471,0,1,right,first,blue,5,1
8094,7,7,0,4.2710471,0,1,right,first,blue,5,
8094,8,5,0,4.2710471,0,1,right,first,blue,5,1
8094,9,6,0,4.2710471,0,1,right,first,blue,5,0
8094,10,10,0,4.2710471,0,1,right,first,blue,5,
8094,11,7,0,4.2710471,0,1,right,first,blue,5,0
8094,12,8,0,4.2710471,0,1,right,first,blue,5,1
8094,13,13,0,4.2710471,0,1,right,first,blue,5,
8095,1,1,0,2.5626283,1,1,right,first,blue,6,
8095,2,1,1,2.5626283,1,1,right,first,blue,6,1
8095,3,2,0,2.5626283,1,1,right,first,blue,6,0
8095,4,4,0,2.5626283,1,1,right,first,blue,6,
8095,5,3,0,2.5626283,1,1,right,first,blue,6,0
8095,6,4,0,2.5626283,1,1,right,first,blue,6,1
8095,7,7,0,2.5626283,1,1,right,first,blue,6,
8095,8,5,1,2.5626283,1,1,right,first,blue,6,1
8095,9,6,0,2.5626283,1,1,right,first,blue,6,0
8095,10,10,0,2.5626283,1,1,right,first,blue,6,
8095,11,7,0,2.5626283,1,1,right,first,blue,6,0
8095,12,8,0,2.5626283,1,1,right,first,blue,6,1
8095,13,13,0,2.5626283,1,1,right,first,blue,6,
8096,1,1,0,6.8336754,1,1,right,second,red,16,
8096,2,1,0,6.8336754,1,1,right,second,red,16,0
8096,3,2,0,6.8336754,1,1,right,second,red,16,1
8096,4,4,2,6.8336754,1,1,right,second,red,16,
8096,5,3,1,6.8336754,1,1,right,second,red,16,1
8096,6,4,1,6.8336754,1,1,right,second,red,16,0
8096,7,7,1,6.8336754,1,1,right,second,red,16,
8096,8,5,2,6.8336754,1,1,right,second,red,16,0
8096,9,6,0,6.8336754,1,1,right,second,red,16,1
8096,10,10,1,6.8336754,1,1,right,second,red,16,
8096,11,7,1,6.8336754,1,1,right,second,red,16,1
8096,12,8,1,6.8336754,1,1,right,second,red,16,0
8096,13,13,2,6.8336754,1,1,right,second,red,16,
8097,1,1,0,3.2525668,1,1,left,second,red,3,
8097,2,1,0,3.2525668,1,1,left,second,red,3,0
8097,3,2,0,3.2525668,1,1,left,second,red,3,1
8097,4,4,1,3.2525668,1,1,left,second,red,3,
8097,5,3,2,3.2525668,1,1,left,second,red,3,1
8097,6,4,0,3.2525668,1,1,left,second,red,3,0
8097,7,7,0,3.2525668,1,1,left,second,red,3,
8097,8,5,0,3.2525668,1,1,left,second,red,3,0
8097,9,6,0,3.2525668,1,1,left,second,red,3,1
8097,10,10,0,3.2525668,1,1,left,second,red,3,
8097,11,7,0,3.2525668,1,1,left,second,red,3,1
8097,12,8,0,3.2525668,1,1,left,second,red,3,0
8097,13,13,0,3.2525668,1,1,left,second,red,3,
8098,1,1,1,4.1724844,0,0,left,first,red,1,
8098,2,1,0,4.1724844,0,0,left,first,red,1,1
8098,3,2,0,4.1724844,0,0,left,first,red,1,0
8098,4,4,3,4.1724844,0,0,left,first,red,1,
8098,5,3,1,4.1724844,0,0,left,first,red,1,0
8098,6,4,0,4.1724844,0,0,left,first,red,1,1
8098,7,7,3,4.1724844,0,0,left,first,red,1,
8098,8,5,0,4.1724844,0,0,left,first,red,1,1
8098,9,6,2,4.1724844,0,0,left,first,red,1,0
8098,10,10,4,4.1724844,0,0,left,first,red,1,
8098,11,7,1,4.1724844,0,0,left,first,red,1,0
8098,12,8,0,4.1724844,0,0,left,first,red,1,1
8098,13,13,4,4.1724844,0,0,left,first,red,1,
8099,1,1,0,2.4640658,0,0,right,second,blue,8,
8099,2,1,0,2.4640658,0,0,right,second,blue,8,0
8099,3,2,2,2.4640658,0,0,right,second,blue,8,1
8099,4,4,1,2.4640658,0,0,right,second,blue,8,
8099,5,3,2,2.4640658,0,0,right,second,blue,8,1
8099,6,4,0,2.4640658,0,0,right,second,blue,8,0
8099,7,7,1,2.4640658,0,0,right,second,blue,8,
8099,8,5,0,2.4640658,0,0,right,second,blue,8,0
8099,9,6,0,2.4640658,0,0,right,second,blue,8,1
8099,10,10,2,2.4640658,0,0,right,second,blue,8,
8099,11,7,1,2.4640658,0,0,right,second,blue,8,1
8099,12,8,2,2.4640658,0,0,right,second,blue,8,0
8099,13,13,1,2.4640658,0,0,right,second,blue,8,
8102,1,1,1,5.7166324,0,1,left,first,red,1,
8102,2,1,1,5.7166324,0,1,left,first,red,1,1
8102,3,2,0,5.7166324,0,1,left,first,red,1,0
8102,4,4,0,5.7166324,0,1,left,first,red,1,
8102,5,3,0,5.7166324,0,1,left,first,red,1,0
8102,6,4,0,5.7166324,0,1,left,first,red,1,1
8102,7,7,0,5.7166324,0,1,left,first,red,1,
8102,8,5,1,5.7166324,0,1,left,first,red,1,1
8102,9,6,0,5.7166324,0,1,left,first,red,1,0
8102,10,10,1,5.7166324,0,1,left,first,red,1,
8102,11,7,0,5.7166324,0,1,left,first,red,1,0
8102,12,8,0,5.7166324,0,1,left,first,red,1,1
8102,13,13,0,5.7166324,0,1,left,first,red,1,
8103,1,1,0,5.7166324,0,1,right,second,blue,7,
8103,2,1,0,5.7166324,0,1,right,second,blue,7,0
8103,3,2,0,5.7166324,0,1,right,second,blue,7,1
8103,4,4,0,5.7166324,0,1,right,second,blue,7,
8103,5,3,0,5.7166324,0,1,right,second,blue,7,1
8103,6,4,0,5.7166324,0,1,right,second,blue,7,0
8103,7,7,0,5.7166324,0,1,right,second,blue,7,
8103,8,5,0,5.7166324,0,1,right,second,blue,7,0
8103,9,6,1,5.7166324,0,1,right,second,blue,7,1
8103,10,10,1,5.7166324,0,1,right,second,blue,7,
8103,11,7,1,5.7166324,0,1,right,second,blue,7,1
8103,12,8,0,5.7166324,0,1,right,second,blue,7,0
8103,13,13,2,5.7166324,0,1,right,second,blue,7,
8104,1,1,2,9.1006165,0,1,right,first,blue,6,
8104,2,1,0,9.1006165,0,1,right,first,blue,6,1
8104,3,2,0,9.1006165,0,1,right,first,blue,6,0
8104,4,4,2,9.1006165,0,1,right,first,blue,6,
8104,5,3,2,9.1006165,0,1,right,first,blue,6,0
8104,6,4,2,9.1006165,0,1,right,first,blue,6,1
8104,7,7,3,9.1006165,0,1,right,first,blue,6,
8104,8,5,0,9.1006165,0,1,right,first,blue,6,1
8104,9,6,3,9.1006165,0,1,right,first,blue,6,0
8104,10,10,2,9.1006165,0,1,right,first,blue,6,
8104,11,7,0,9.1006165,0,1,right,first,blue,6,0
8104,12,8,1,9.1006165,0,1,right,first,blue,6,1
8104,13,13,1,9.1006165,0,1,right,first,blue,6,
8105,1,1,0,3.909651,0,1,left,first,red,2,
8105,2,1,0,3.909651,0,1,left,first,red,2,1
8105,3,2,0,3.909651,0,1,left,first,red,2,0
8105,4,4,1,3.909651,0,1,left,first,red,2,
8105,5,3,1,3.909651,0,1,left,first,red,2,0
8105,6,4,0,3.909651,0,1,left,first,red,2,1
8105,7,7,0,3.909651,0,1,left,first,red,2,
8105,8,5,1,3.909651,0,1,left,first,red,2,1
8105,9,6,1,3.909651,0,1,left,first,red,2,0
8105,10,10,0,3.909651,0,1,left,first,red,2,
8105,11,7,0,3.909651,0,1,left,first,red,2,0
8105,12,8,2,3.909651,0,1,left,first,red,2,1
8105,13,13,0,3.909651,0,1,left,first,red,2,
8108,1,1,1,6.4722791,1,1,left,second,blue,12,
8108,2,1,0,6.4722791,1,1,left,second,blue,12,0
8108,3,2,0,6.4722791,1,1,left,second,blue,12,1
8108,4,4,0,6.4722791,1,1,left,second,blue,12,
8108,5,3,1,6.4722791,1,1,left,second,blue,12,1
8108,6,4,1,6.4722791,1,1,left,second,blue,12,0
8108,7,7,0,6.4722791,1,1,left,second,blue,12,
8108,8,5,0,6.4722791,1,1,left,second,blue,12,0
8108,9,6,1,6.4722791,1,1,left,second,blue,12,1
8108,10,10,1,6.4722791,1,1,left,second,blue,12,
8108,11,7,1,6.4722791,1,1,left,second,blue,12,1
8108,12,8,1,6.4722791,1,1,left,second,blue,12,0
8108,13,13,3,6.4722791,1,1,left,second,blue,12,
8109,1,1,2,8.0821352,0,1,right,second,red,16,
8109,2,1,2,8.0821352,0,1,right,second,red,16,0
8109,3,2,2,8.0821352,0,1,right,second,red,16,1
8109,4,4,4,8.0821352,0,1,right,second,red,16,
8109,5,3,1,8.0821352,0,1,right,second,red,16,1
8109,6,4,3,8.0821352,0,1,right,second,red,16,0
8109,7,7,4,8.0821352,0,1,right,second,red,16,
8109,8,5,1,8.0821352,0,1,right,second,red,16,0
8109,9,6,2,8.0821352,0,1,right,second,red,16,1
8109,10,10,4,8.0821352,0,1,right,second,red,16,
8109,11,7,2,8.0821352,0,1,right,second,red,16,1
8109,12,8,0,8.0821352,0,1,right,second,red,16,0
8109,13,13,3,8.0821352,0,1,right,second,red,16,
8111,1,1,0,8.9691992,1,0,right,second,blue,8,
8111,2,1,0,8.9691992,1,0,right,second,blue,8,0
8111,3,2,0,8.9691992,1,0,right,second,blue,8,1
8111,4,4,1,8.9691992,1,0,right,second,blue,8,
8111,5,3,0,8.9691992,1,0,right,second,blue,8,1
8111,6,4,2,8.9691992,1,0,right,second,blue,8,0
8111,7,7,0,8.9691992,1,0,right,second,blue,8,
8111,8,5,1,8.9691992,1,0,right,second,blue,8,0
8111,9,6,2,8.9691992,1,0,right,second,blue,8,1
8111,10,10,0,8.9691992,1,0,right,second,blue,8,
8111,11,7,0,8.9691992,1,0,right,second,blue,8,1
8111,12,8,1,8.9691992,1,0,right,second,blue,8,0
8111,13,13,0,8.9691992,1,0,right,second,blue,8,
8112,1,1,2,2.9240246,1,1,left,second,blue,11,
8112,2,1,1,2.9240246,1,1,left,second,blue,11,0
8112,3,2,0,2.9240246,1,1,left,second,blue,11,1
8112,4,4,1,2.9240246,1,1,left,second,blue,11,
8112,5,3,1,2.9240246,1,1,left,second,blue,11,1
8112,6,4,0,2.9240246,1,1,left,second,blue,11,0
8112,7,7,0,2.9240246,1,1,left,second,blue,11,
8112,8,5,0,2.9240246,1,1,left,second,blue,11,0
8112,9,6,0,2.9240246,1,1,left,second,blue,11,1
8112,10,10,2,2.9240246,1,1,left,second,blue,11,
8112,11,7,0,2.9240246,1,1,left,second,blue,11,1
8112,12,8,1,2.9240246,1,1,left,second,blue,11,0
8112,13,13,1,2.9240246,1,1,left,second,blue,11,
8113,1,1,0,10.349076,0,1,right,second,blue,8,
8113,2,1,1,10.349076,0,1,right,second,blue,8,0
8113,3,2,0,10.349076,0,1,right,second,blue,8,1
8113,4,4,1,10.349076,0,1,right,second,blue,8,
8113,5,3,0,10.349076,0,1,right,second,blue,8,1
8113,6,4,0,10.349076,0,1,right,second,blue,8,0
8113,7,7,0,10.349076,0,1,right,second,blue,8,
8113,8,5,1,10.349076,0,1,right,second,blue,8,0
8113,9,6,0,10.349076,0,1,right,second,blue,8,1
8113,10,10,0,10.349076,0,1,right,second,blue,8,
8113,11,7,0,10.349076,0,1,right,second,blue,8,1
8113,12,8,0,10.349076,0,1,right,second,blue,8,0
8113,13,13,0,10.349076,0,1,right,second,blue,8,
8114,1,1,1,3.7453799,1,1,left,second,blue,11,
8114,2,1,1,3.7453799,1,1,left,second,blue,11,0
8114,3,2,1,3.7453799,1,1,left,second,blue,11,1
8114,4,4,1,3.7453799,1,1,left,second,blue,11,
8114,5,3,2,3.7453799,1,1,left,second,blue,11,1
8114,6,4,1,3.7453799,1,1,left,second,blue,11,0
8114,7,7,0,3.7453799,1,1,left,second,blue,11,
8114,8,5,0,3.7453799,1,1,left,second,blue,11,0
8114,9,6,2,3.7453799,1,1,left,second,blue,11,1
8114,10,10,2,3.7453799,1,1,left,second,blue,11,
8114,11,7,1,3.7453799,1,1,left,second,blue,11,1
8114,12,8,2,3.7453799,1,1,left,second,blue,11,0
8114,13,13,1,3.7453799,1,1,left,second,blue,11,
8115,1,1,0,9.3634501,1,1,left,second,blue,11,
8115,2,1,0,9.3634501,1,1,left,second,blue,11,0
8115,3,2,0,9.3634501,1,1,left,second,blue,11,1
8115,4,4,1,9.3634501,1,1,left,second,blue,11,
8115,5,3,2,9.3634501,1,1,left,second,blue,11,1
8115,6,4,1,9.3634501,1,1,left,second,blue,11,0
8115,7,7,0,9.3634501,1,1,left,second,blue,11,
8115,8,5,1,9.3634501,1,1,left,second,blue,11,0
8115,9,6,2,9.3634501,1,1,left,second,blue,11,1
8115,10,10,1,9.3634501,1,1,left,second,blue,11,
8115,11,7,1,9.3634501,1,1,left,second,blue,11,1
8115,12,8,0,9.3634501,1,1,left,second,blue,11,0
8115,13,13,1,9.3634501,1,1,left,second,blue,11,
8116,1,1,0,12.123203,0,0,left,first,red,1,
8116,2,1,0,12.123203,0,0,left,first,red,1,1
8116,3,2,1,12.123203,0,0,left,first,red,1,0
8116,4,4,0,12.123203,0,0,left,first,red,1,
8116,5,3,1,12.123203,0,0,left,first,red,1,0
8116,6,4,0,12.123203,0,0,left,first,red,1,1
8116,7,7,3,12.123203,0,0,left,first,red,1,
8116,8,5,0,12.123203,0,0,left,first,red,1,1
8116,9,6,0,12.123203,0,0,left,first,red,1,0
8116,10,10,1,12.123203,0,0,left,first,red,1,
8116,11,7,1,12.123203,0,0,left,first,red,1,0
8116,12,8,0,12.123203,0,0,left,first,red,1,1
8116,13,13,3,12.123203,0,0,left,first,red,1,
8117,1,1,0,7.3921971,1,0,left,first,red,1,
8117,2,1,1,7.3921971,1,0,left,first,red,1,1
8117,3,2,1,7.3921971,1,0,left,first,red,1,0
8117,4,4,2,7.3921971,1,0,left,first,red,1,
8117,5,3,0,7.3921971,1,0,left,first,red,1,0
8117,6,4,0,7.3921971,1,0,left,first,red,1,1
8117,7,7,1,7.3921971,1,0,left,first,red,1,
8117,8,5,3,7.3921971,1,0,left,first,red,1,1
8117,9,6,1,7.3921971,1,0,left,first,red,1,0
8117,10,10,2,7.3921971,1,0,left,first,red,1,
8117,11,7,3,7.3921971,1,0,left,first,red,1,0
8117,12,8,1,7.3921971,1,0,left,first,red,1,1
8117,13,13,1,7.3921971,1,0,left,first,red,1,
8118,1,1,3,6.6365504,1,1,right,second,red,16,
8118,2,1,3,6.6365504,1,1,right,second,red,16,0
8118,3,2,5,6.6365504,1,1,right,second,red,16,1
8118,4,4,1,6.6365504,1,1,right,second,red,16,
8118,5,3,6,6.6365504,1,1,right,second,red,16,1
8118,6,4,3,6.6365504,1,1,right,second,red,16,0
8118,7,7,2,6.6365504,1,1,right,second,red,16,
8118,8,5,5,6.6365504,1,1,right,second,red,16,0
8118,9,6,4,6.6365504,1,1,right,second,red,16,1
8118,10,10,3,6.6365504,1,1,right,second,red,16,
8118,11,7,6,6.6365504,1,1,right,second,red,16,1
8118,12,8,0,6.6365504,1,1,right,second,red,16,0
8118,13,13,6,6.6365504,1,1,right,second,red,16,
8119,1,1,3,11.071869,0,1,left,second,red,3,
8119,2,1,2,11.071869,0,1,left,second,red,3,0
8119,3,2,0,11.071869,0,1,left,second,red,3,1
8119,4,4,3,11.071869,0,1,left,second,red,3,
8119,5,3,2,11.071869,0,1,left,second,red,3,1
8119,6,4,3,11.071869,0,1,left,second,red,3,0
8119,7,7,3,11.071869,0,1,left,second,red,3,
8119,8,5,4,11.071869,0,1,left,second,red,3,0
8119,9,6,4,11.071869,0,1,left,second,red,3,1
8119,10,10,2,11.071869,0,1,left,second,red,3,
8119,11,7,1,11.071869,0,1,left,second,red,3,1
8119,12,8,2,11.071869,0,1,left,second,red,3,0
8119,13,13,1,11.071869,0,1,left,second,red,3,
8120,1,1,2,6.8665299,0,1,right,first,blue,5,
8120,2,1,2,6.8665299,0,1,right,first,blue,5,1
8120,3,2,2,6.8665299,0,1,right,first,blue,5,0
8120,4,4,1,6.8665299,0,1,right,first,blue,5,
8120,5,3,2,6.8665299,0,1,right,first,blue,5,0
8120,6,4,4,6.8665299,0,1,right,first,blue,5,1
8120,7,7,3,6.8665299,0,1,right,first,blue,5,
8120,8,5,1,6.8665299,0,1,right,first,blue,5,1
8120,9,6,3,6.8665299,0,1,right,first,blue,5,0
8120,10,10,3,6.8665299,0,1,right,first,blue,5,
8120,11,7,1,6.8665299,0,1,right,first,blue,5,0
8120,12,8,2,6.8665299,0,1,right,first,blue,5,1
8120,13,13,3,6.8665299,0,1,right,first,blue,5,
8121,1,1,4,11.531828,1,1,left,first,blue,9,
8121,2,1,0,11.531828,1,1,left,first,blue,9,1
8121,3,2,3,11.531828,1,1,left,first,blue,9,0
8121,4,4,5,11.531828,1,1,left,first,blue,9,
8121,5,3,3,11.531828,1,1,left,first,blue,9,0
8121,6,4,3,11.531828,1,1,left,first,blue,9,1
8121,7,7,4,11.531828,1,1,left,first,blue,9,
8121,8,5,2,11.531828,1,1,left,first,blue,9,1
8121,9,6,4,11.531828,1,1,left,first,blue,9,0
8121,10,10,1,11.531828,1,1,left,first,blue,9,
8121,11,7,5,11.531828,1,1,left,first,blue,9,0
8121,12,8,4,11.531828,1,1,left,first,blue,9,1
8121,13,13,3,11.531828,1,1,left,first,blue,9,
8122,1,1,1,7.1622176,1,1,left,second,blue,11,
8122,2,1,6,7.1622176,1,1,left,second,blue,11,0
8122,3,2,3,7.1622176,1,1,left,second,blue,11,1
8122,4,4,0,7.1622176,1,1,left,second,blue,11,
8122,5,3,3,7.1622176,1,1,left,second,blue,11,1
8122,6,4,3,7.1622176,1,1,left,second,blue,11,0
8122,7,7,3,7.1622176,1,1,left,second,blue,11,
8122,8,5,1,7.1622176,1,1,left,second,blue,11,0
8122,9,6,0,7.1622176,1,1,left,second,blue,11,1
8122,10,10,0,7.1622176,1,1,left,second,blue,11,
8122,11,7,0,7.1622176,1,1,left,second,blue,11,1
8122,12,8,4,7.1622176,1,1,left,second,blue,11,0
8122,13,13,2,7.1622176,1,1,left,second,blue,11,
8123,1,1,1,11.63039,1,1,left,second,red,3,
8123,2,1,1,11.63039,1,1,left,second,red,3,0
8123,3,2,3,11.63039,1,1,left,second,red,3,1
8123,4,4,2,11.63039,1,1,left,second,red,3,
8123,5,3,2,11.63039,1,1,left,second,red,3,1
8123,6,4,4,11.63039,1,1,left,second,red,3,0
8123,7,7,2,11.63039,1,1,left,second,red,3,
8123,8,5,2,11.63039,1,1,left,second,red,3,0
8123,9,6,2,11.63039,1,1,left,second,red,3,1
8123,10,10,2,11.63039,1,1,left,second,red,3,
8123,11,7,4,11.63039,1,1,left,second,red,3,1
8123,12,8,1,11.63039,1,1,left,second,red,3,0
8123,13,13,1,11.63039,1,1,left,second,red,3,
8124,1,1,6,11.86037,1,1,right,second,red,16,
8124,2,1,3,11.86037,1,1,right,second,red,16,0
8124,3,2,2,11.86037,1,1,right,second,red,16,1
8124,4,4,4,11.86037,1,1,right,second,red,16,
8124,5,3,3,11.86037,1,1,right,second,red,16,1
8124,6,4,3,11.86037,1,1,right,second,red,16,0
8124,7,7,5,11.86037,1,1,right,second,red,16,
8124,8,5,3,11.86037,1,1,right,second,red,16,0
8124,9,6,3,11.86037,1,1,right,second,red,16,1
8124,10,10,4,11.86037,1,1,right,second,red,16,
8124,11,7,2,11.86037,1,1,right,second,red,16,1
8124,12,8,3,11.86037,1,1,right,second,red,16,0
8124,13,13,4,11.86037,1,1,right,second,red,16,
8125,1,1,3,7.2279263,1,1,right,first,blue,6,
8125,2,1,1,7.2279263,1,1,right,first,blue,6,1
8125,3,2,4,7.2279263,1,1,right,first,blue,6,0
8125,4,4,4,7.2279263,1,1,right,first,blue,6,
8125,5,3,1,7.2279263,1,1,right,first,blue,6,0
8125,6,4,2,7.2279263,1,1,right,first,blue,6,1
8125,7,7,3,7.2279263,1,1,right,first,blue,6,
8125,8,5,3,7.2279263,1,1,right,first,blue,6,1
8125,9,6,3,7.2279263,1,1,right,first,blue,6,0
8125,10,10,3,7.2279263,1,1,right,first,blue,6,
8125,11,7,2,7.2279263,1,1,right,first,blue,6,0
8125,12,8,3,7.2279263,1,1,right,first,blue,6,1
8125,13,13,5,7.2279263,1,1,right,first,blue,6,
8126,1,1,0,6.4722791,0,1,right,second,red,15,
8126,2,1,1,6.4722791,0,1,right,second,red,15,0
8126,3,2,0,6.4722791,0,1,right,second,red,15,1
8126,4,4,2,6.4722791,0,1,right,second,red,15,
8126,5,3,0,6.4722791,0,1,right,second,red,15,1
8126,6,4,1,6.4722791,0,1,right,second,red,15,0
8126,7,7,2,6.4722791,0,1,right,second,red,15,
8126,8,5,1,6.4722791,0,1,right,second,red,15,0
8126,9,6,1,6.4722791,0,1,right,second,red,15,1
8126,10,10,4,6.4722791,0,1,right,second,red,15,
8126,11,7,0,6.4722791,0,1,right,second,red,15,1
8126,12,8,2,6.4722791,0,1,right,second,red,15,0
8126,13,13,3,6.4722791,0,1,right,second,red,15,
8127,1,1,0,7.2936344,1,1,right,first,red,13,
8127,2,1,2,7.2936344,1,1,right,first,red,13,1
8127,3,2,1,7.2936344,1,1,right,first,red,13,0
8127,4,4,1,7.2936344,1,1,right,first,red,13,
8127,5,3,0,7.2936344,1,1,right,first,red,13,0
8127,6,4,0,7.2936344,1,1,right,first,red,13,1
8127,7,7,2,7.2936344,1,1,right,first,red,13,
8127,8,5,0,7.2936344,1,1,right,first,red,13,1
8127,9,6,3,7.2936344,1,1,right,first,red,13,0
8127,10,10,1,7.2936344,1,1,right,first,red,13,
8127,11,7,0,7.2936344,1,1,right,first,red,13,0
8127,12,8,1,7.2936344,1,1,right,first,red,13,1
8127,13,13,1,7.2936344,1,1,right,first,red,13,
8128,1,1,1,11.137577,0,1,right,second,blue,7,
8128,2,1,1,11.137577,0,1,right,second,blue,7,0
8128,3,2,0,11.137577,0,1,right,second,blue,7,1
8128,4,4,2,11.137577,0,1,right,second,blue,7,
8128,5,3,2,11.137577,0,1,right,second,blue,7,1
8128,6,4,0,11.137577,0,1,right,second,blue,7,0
8128,7,7,1,11.137577,0,1,right,second,blue,7,
8128,8,5,2,11.137577,0,1,right,second,blue,7,0
8128,9,6,1,11.137577,0,1,right,second,blue,7,1
8128,10,10,1,11.137577,0,1,right,second,blue,7,
8128,11,7,3,11.137577,0,1,right,second,blue,7,1
8128,12,8,0,11.137577,0,1,right,second,blue,7,0
8128,13,13,0,11.137577,0,1,right,second,blue,7,
8129,1,1,0,6.7351131,1,1,right,second,red,15,
8129,2,1,0,6.7351131,1,1,right,second,red,15,0
8129,3,2,0,6.7351131,1,1,right,second,red,15,1
8129,4,4,1,6.7351131,1,1,right,second,red,15,
8129,5,3,0,6.7351131,1,1,right,second,red,15,1
8129,6,4,0,6.7351131,1,1,right,second,red,15,0
8129,7,7,5,6.7351131,1,1,right,second,red,15,
8129,8,5,0,6.7351131,1,1,right,second,red,15,0
8129,9,6,0,6.7351131,1,1,right,second,red,15,1
8129,10,10,2,6.7351131,1,1,right,second,red,15,
8129,11,7,1,6.7351131,1,1,right,second,red,15,1
8129,12,8,0,6.7351131,1,1,right,second,red,15,0
8129,13,13,4,6.7351131,1,1,right,second,red,15,
8130,1,1,2,12.353183,0,1,left,second,red,4,
8130,2,1,1,12.353183,0,1,left,second,red,4,0
8130,3,2,2,12.353183,0,1,left,second,red,4,1
8130,4,4,1,12.353183,0,1,left,second,red,4,
8130,5,3,1,12.353183,0,1,left,second,red,4,1
8130,6,4,0,12.353183,0,1,left,second,red,4,0
8130,7,7,1,12.353183,0,1,left,second,red,4,
8130,8,5,2,12.353183,0,1,left,second,red,4,0
8130,9,6,0,12.353183,0,1,left,second,red,4,1
8130,10,10,0,12.353183,0,1,left,second,red,4,
8130,11,7,5,12.353183,0,1,left,second,red,4,1
8130,12,8,1,12.353183,0,1,left,second,red,4,0
8130,13,13,4,12.353183,0,1,left,second,red,4,
8131,1,1,2,7.6221766,1,1,left,first,blue,10,
8131,2,1,1,7.6221766,1,1,left,first,blue,10,1
8131,3,2,3,7.6221766,1,1,left,first,blue,10,0
8131,4,4,3,7.6221766,1,1,left,first,blue,10,
8131,5,3,4,7.6221766,1,1,left,first,blue,10,0
8131,6,4,5,7.6221766,1,1,left,first,blue,10,1
8131,7,7,4,7.6221766,1,1,left,first,blue,10,
8131,8,5,2,7.6221766,1,1,left,first,blue,10,1
8131,9,6,3,7.6221766,1,1,left,first,blue,10,0
8131,10,10,5,7.6221766,1,1,left,first,blue,10,
8131,11,7,3,7.6221766,1,1,left,first,blue,10,0
8131,12,8,3,7.6221766,1,1,left,first,blue,10,1
8131,13,13,5,7.6221766,1,1,left,first,blue,10,
8132,1,1,3,9.6591377,1,1,right,second,red,15,
8132,2,1,0,9.6591377,1,1,right,second,red,15,0
8132,3,2,1,9.6591377,1,1,right,second,red,15,1
8132,4,4,4,9.6591377,1,1,right,second,red,15,
8132,5,3,1,9.6591377,1,1,right,second,red,15,1
8132,6,4,3,9.6591377,1,1,right,second,red,15,0
8132,7,7,4,9.6591377,1,1,right,second,red,15,
8132,8,5,0,9.6591377,1,1,right,second,red,15,0
8132,9,6,3,9.6591377,1,1,right,second,red,15,1
8132,10,10,3,9.6591377,1,1,right,second,red,15,
8132,11,7,3,9.6591377,1,1,right,second,red,15,1
8132,12,8,0,9.6591377,1,1,right,second,red,15,0
8132,13,13,0,9.6591377,1,1,right,second,red,15,
8134,1,1,7,7.0308008,1,0,left,second,red,3,
8134,2,1,5,7.0308008,1,0,left,second,red,3,0
8134,3,2,5,7.0308008,1,0,left,second,red,3,1
8134,4,4,5,7.0308008,1,0,left,second,red,3,
8134,5,3,1,7.0308008,1,0,left,second,red,3,1
8134,6,4,4,7.0308008,1,0,left,second,red,3,0
8134,7,7,3,7.0308008,1,0,left,second,red,3,
8134,8,5,3,7.0308008,1,0,left,second,red,3,0
8134,9,6,6,7.0308008,1,0,left,second,red,3,1
8134,10,10,2,7.0308008,1,0,left,second,red,3,
8134,11,7,4,7.0308008,1,0,left,second,red,3,1
8134,12,8,4,7.0308008,1,0,left,second,red,3,0
8134,13,13,3,7.0308008,1,0,left,second,red,3,
8135,1,1,2,9.1991787,0,1,left,first,red,2,
8135,2,1,1,9.1991787,0,1,left,first,red,2,1
8135,3,2,2,9.1991787,0,1,left,first,red,2,0
8135,4,4,4,9.1991787,0,1,left,first,red,2,
8135,5,3,1,9.1991787,0,1,left,first,red,2,0
8135,6,4,1,9.1991787,0,1,left,first,red,2,1
8135,7,7,4,9.1991787,0,1,left,first,red,2,
8135,8,5,0,9.1991787,0,1,left,first,red,2,1
8135,9,6,3,9.1991787,0,1,left,first,red,2,0
8135,10,10,1,9.1991787,0,1,left,first,red,2,
8135,11,7,2,9.1991787,0,1,left,first,red,2,0
8135,12,8,1,9.1991787,0,1,left,first,red,2,1
8135,13,13,1,9.1991787,0,1,left,first,red,2,
8136,1,1,5,10.61191,1,1,right,second,red,15,
8136,2,1,2,10.61191,1,1,right,second,red,15,0
8136,3,2,3,10.61191,1,1,right,second,red,15,1
8136,4,4,5,10.61191,1,1,right,second,red,15,
8136,5,3,0,10.61191,1,1,right,second,red,15,1
8136,6,4,0,10.61191,1,1,right,second,red,15,0
8136,7,7,0,10.61191,1,1,right,second,red,15,
8136,8,5,0,10.61191,1,1,right,second,red,15,0
8136,9,6,0,10.61191,1,1,right,second,red,15,1
8136,10,10,0,10.61191,1,1,right,second,red,15,
8136,11,7,0,10.61191,1,1,right,second,red,15,1
8136,13,13,0,10.61191,1,1,right,second,red,15,
8137,1,1,0,2.5297742,1,1,left,second,blue,12,
8137,2,1,1,2.5297742,1,1,left,second,blue,12,0
8137,3,2,1,2.5297742,1,1,left,second,blue,12,1
8137,4,4,1,2.5297742,1,1,left,second,blue,12,
8137,5,3,0,2.5297742,1,1,left,second,blue,12,1
8137,6,4,0,2.5297742,1,1,left,second,blue,12,0
8137,7,7,0,2.5297742,1,1,left,second,blue,12,
8137,8,5,2,2.5297742,1,1,left,second,blue,12,0
8137,9,6,0,2.5297742,1,1,left,second,blue,12,1
8137,10,10,0,2.5297742,1,1,left,second,blue,12,
8137,11,7,1,2.5297742,1,1,left,second,blue,12,1
8137,12,8,3,2.5297742,1,1,left,second,blue,12,0
8137,13,13,1,2.5297742,1,1,left,second,blue,12,
8138,1,1,0,6.3080082,1,1,left,second,red,4,
8138,2,1,0,6.3080082,1,1,left,second,red,4,0
8138,3,2,1,6.3080082,1,1,left,second,red,4,1
8138,4,4,3,6.3080082,1,1,left,second,red,4,
8138,5,3,2,6.3080082,1,1,left,second,red,4,1
8138,6,4,0,6.3080082,1,1,left,second,red,4,0
8138,7,7,4,6.3080082,1,1,left,second,red,4,
8138,8,5,1,6.3080082,1,1,left,second,red,4,0
8138,9,6,1,6.3080082,1,1,left,second,red,4,1
8138,10,10,2,6.3080082,1,1,left,second,red,4,
8138,11,7,1,6.3080082,1,1,left,second,red,4,1
8138,12,8,1,6.3080082,1,1,left,second,red,4,0
8138,13,13,2,6.3080082,1,1,left,second,red,4,
8140,1,1,1,7.5236139,0,1,left,second,red,4,
8140,2,1,0,7.5236139,0,1,left,second,red,4,0
8140,3,2,0,7.5236139,0,1,left,second,red,4,1
8140,4,4,1,7.5236139,0,1,left,second,red,4,
8140,5,3,0,7.5236139,0,1,left,second,red,4,1
8140,6,4,0,7.5236139,0,1,left,second,red,4,0
8140,7,7,1,7.5236139,0,1,left,second,red,4,
8140,8,5,1,7.5236139,0,1,left,second,red,4,0
8140,9,6,0,7.5236139,0,1,left,second,red,4,1
8140,10,10,1,7.5236139,0,1,left,second,red,4,
8140,11,7,0,7.5236139,0,1,left,second,red,4,1
8140,12,8,0,7.5236139,0,1,left,second,red,4,0
8140,13,13,0,7.5236139,0,1,left,second,red,4,
8141,1,1,0,2.989733,1,1,right,first,blue,5,
8141,2,1,0,2.989733,1,1,right,first,blue,5,1
8141,3,2,0,2.989733,1,1,right,first,blue,5,0
8141,4,4,0,2.989733,1,1,right,first,blue,5,
8141,5,3,1,2.989733,1,1,right,first,blue,5,0
8141,6,4,1,2.989733,1,1,right,first,blue,5,1
8141,7,7,0,2.989733,1,1,right,first,blue,5,
8141,8,5,0,2.989733,1,1,right,first,blue,5,1
8141,9,6,0,2.989733,1,1,right,first,blue,5,0
8141,10,10,0,2.989733,1,1,right,first,blue,5,
8141,11,7,0,2.989733,1,1,right,first,blue,5,0
8141,12,8,3,2.989733,1,1,right,first,blue,5,1
8141,13,13,1,2.989733,1,1,right,first,blue,5,
8143,1,1,0,6.7351131,0,0,left,first,red,2,
8143,2,1,3,6.7351131,0,0,left,first,red,2,1
8143,3,2,2,6.7351131,0,0,left,first,red,2,0
8143,4,4,0,6.7351131,0,0,left,first,red,2,
8143,5,3,2,6.7351131,0,0,left,first,red,2,0
8143,6,4,2,6.7351131,0,0,left,first,red,2,1
8143,7,7,0,6.7351131,0,0,left,first,red,2,
8143,8,5,1,6.7351131,0,0,left,first,red,2,1
8143,9,6,1,6.7351131,0,0,left,first,red,2,0
8143,10,10,0,6.7351131,0,0,left,first,red,2,
8143,11,7,0,6.7351131,0,0,left,first,red,2,0
8143,12,8,2,6.7351131,0,0,left,first,red,2,1
8143,13,13,0,6.7351131,0,0,left,first,red,2,
8144,1,1,0,7.6878848,0,1,right,first,red,14,
8144,2,1,1,7.6878848,0,1,right,first,red,14,1
8144,3,2,0,7.6878848,0,1,right,first,red,14,0
8144,4,4,0,7.6878848,0,1,right,first,red,14,
8144,5,3,1,7.6878848,0,1,right,first,red,14,0
8144,6,4,2,7.6878848,0,1,right,first,red,14,1
8144,7,7,1,7.6878848,0,1,right,first,red,14,
8144,8,5,3,7.6878848,0,1,right,first,red,14,1
8144,9,6,2,7.6878848,0,1,right,first,red,14,0
8144,10,10,1,7.6878848,0,1,right,first,red,14,
8144,11,7,2,7.6878848,0,1,right,first,red,14,0
8144,12,8,1,7.6878848,0,1,right,first,red,14,1
8144,13,13,3,7.6878848,0,1,right,first,red,14,
8145,1,1,0,10.644764,0,1,left,first,blue,9,
8145,2,1,0,10.644764,0,1,left,first,blue,9,1
8145,3,2,4,10.644764,0,1,left,first,blue,9,0
8145,4,4,0,10.644764,0,1,left,first,blue,9,
8145,5,3,0,10.644764,0,1,left,first,blue,9,0
8145,6,4,0,10.644764,0,1,left,first,blue,9,1
8145,7,7,0,10.644764,0,1,left,first,blue,9,
8145,8,5,0,10.644764,0,1,left,first,blue,9,1
8145,9,6,1,10.644764,0,1,left,first,blue,9,0
8145,10,10,0,10.644764,0,1,left,first,blue,9,
8145,11,7,0,10.644764,0,1,left,first,blue,9,0
8145,12,8,0,10.644764,0,1,left,first,blue,9,1
8145,13,13,0,10.644764,0,1,left,first,blue,9,
8146,1,1,2,3.3511293,1,0,right,second,blue,8,
8146,2,1,0,3.3511293,1,0,right,second,blue,8,0
8146,3,2,1,3.3511293,1,0,right,second,blue,8,1
8146,4,4,1,3.3511293,1,0,right,second,blue,8,
8146,5,3,0,3.3511293,1,0,right,second,blue,8,1
8146,6,4,0,3.3511293,1,0,right,second,blue,8,0
8146,7,7,0,3.3511293,1,0,right,second,blue,8,
8146,8,5,0,3.3511293,1,0,right,second,blue,8,0
8146,9,6,0,3.3511293,1,0,right,second,blue,8,1
8146,10,10,0,3.3511293,1,0,right,second,blue,8,
8146,11,7,0,3.3511293,1,0,right,second,blue,8,1
8146,12,8,0,3.3511293,1,0,right,second,blue,8,0
8146,13,13,0,3.3511293,1,0,right,second,blue,8,
8148,1,1,0,10.77618,0,0,left,second,blue,12,
8148,2,1,1,10.77618,0,0,left,second,blue,12,0
8148,3,2,0,10.77618,0,0,left,second,blue,12,1
8148,4,4,0,10.77618,0,0,left,second,blue,12,
8148,5,3,2,10.77618,0,0,left,second,blue,12,1
8148,6,4,0,10.77618,0,0,left,second,blue,12,0
8148,7,7,3,10.77618,0,0,left,second,blue,12,
8148,8,5,2,10.77618,0,0,left,second,blue,12,0
8148,9,6,3,10.77618,0,0,left,second,blue,12,1
8148,10,10,2,10.77618,0,0,left,second,blue,12,
8148,11,7,1,10.77618,0,0,left,second,blue,12,1
8148,12,8,3,10.77618,0,0,left,second,blue,12,0
8148,13,13,6,10.77618,0,0,left,second,blue,12,
8149,1,1,3,8.6735115,1,1,left,second,red,3,
8149,2,1,0,8.6735115,1,1,left,second,red,3,0
8149,3,2,2,8.6735115,1,1,left,second,red,3,1
8149,4,4,0,8.6735115,1,1,left,second,red,3,
8149,5,3,2,8.6735115,1,1,left,second,red,3,1
8149,6,4,1,8.6735115,1,1,left,second,red,3,0
8149,7,7,2,8.6735115,1,1,left,second,red,3,
8149,8,5,2,8.6735115,1,1,left,second,red,3,0
8149,9,6,1,8.6735115,1,1,left,second,red,3,1
8149,10,10,4,8.6735115,1,1,left,second,red,3,
8149,11,7,1,8.6735115,1,1,left,second,red,3,1
8149,12,8,1,8.6735115,1,1,left,second,red,3,0
8149,13,13,0,8.6735115,1,1,left,second,red,3,
8150,1,1,0,6.2422996,0,1,right,second,blue,8,
8150,2,1,0,6.2422996,0,1,right,second,blue,8,0
8150,3,2,1,6.2422996,0,1,right,second,blue,8,1
8150,4,4,0,6.2422996,0,1,right,second,blue,8,
8150,5,3,2,6.2422996,0,1,right,second,blue,8,1
8150,6,4,2,6.2422996,0,1,right,second,blue,8,0
8150,7,7,1,6.2422996,0,1,right,second,blue,8,
8150,8,5,2,6.2422996,0,1,right,second,blue,8,0
8150,9,6,2,6.2422996,0,1,right,second,blue,8,1
8150,10,10,1,6.2422996,0,1,right,second,blue,8,
8150,11,7,1,6.2422996,0,1,right,second,blue,8,1
8150,12,8,0,6.2422996,0,1,right,second,blue,8,0
8150,13,13,1,6.2422996,0,1,right,second,blue,8,
8151,1,1,3,9.8234091,0,1,right,first,red,14,
8151,2,1,2,9.8234091,0,1,right,first,red,14,1
8151,3,2,1,9.8234091,0,1,right,first,red,14,0
8151,4,4,2,9.8234091,0,1,right,first,red,14,
8151,5,3,1,9.8234091,0,1,right,first,red,14,0
8151,6,4,1,9.8234091,0,1,right,first,red,14,1
8151,7,7,1,9.8234091,0,1,right,first,red,14,
8151,8,5,0,9.8234091,0,1,right,first,red,14,1
8151,9,6,1,9.8234091,0,1,right,first,red,14,0
8151,10,10,1,9.8234091,0,1,right,first,red,14,
8151,11,7,1,9.8234091,0,1,right,first,red,14,0
8151,12,8,1,9.8234091,0,1,right,first,red,14,1
8151,13,13,1,9.8234091,0,1,right,first,red,14,
8152,1,1,1,7.1293635,1,1,left,first,red,2,
8152,2,1,0,7.1293635,1,1,left,first,red,2,1
8152,3,2,0,7.1293635,1,1,left,first,red,2,0
8152,4,4,1,7.1293635,1,1,left,first,red,2,
8152,5,3,1,7.1293635,1,1,left,first,red,2,0
8152,6,4,0,7.1293635,1,1,left,first,red,2,1
8152,7,7,0,7.1293635,1,1,left,first,red,2,
8152,8,5,0,7.1293635,1,1,left,first,red,2,1
8152,9,6,2,7.1293635,1,1,left,first,red,2,0
8152,10,10,3,7.1293635,1,1,left,first,red,2,
8152,11,7,1,7.1293635,1,1,left,first,red,2,0
8152,12,8,0,7.1293635,1,1,left,first,red,2,1
8152,13,13,0,7.1293635,1,1,left,first,red,2,
8153,1,1,0,6.6694045,1,1,left,first,blue,9,
8153,2,1,0,6.6694045,1,1,left,first,blue,9,1
8153,3,2,0,6.6694045,1,1,left,first,blue,9,0
8153,4,4,1,6.6694045,1,1,left,first,blue,9,
8153,5,3,0,6.6694045,1,1,left,first,blue,9,0
8153,6,4,0,6.6694045,1,1,left,first,blue,9,1
8153,7,7,2,6.6694045,1,1,left,first,blue,9,
8153,8,5,0,6.6694045,1,1,left,first,blue,9,1
8153,9,6,2,6.6694045,1,1,left,first,blue,9,0
8153,10,10,1,6.6694045,1,1,left,first,blue,9,
8153,11,7,1,6.6694045,1,1,left,first,blue,9,0
8153,12,8,1,6.6694045,1,1,left,first,blue,9,1
8153,13,13,1,6.6694045,1,1,left,first,blue,9,
8154,1,1,0,6.3737168,1,1,right,first,red,13,
8154,2,1,0,6.3737168,1,1,right,first,red,13,1
8154,3,2,2,6.3737168,1,1,right,first,red,13,0
8154,4,4,2,6.3737168,1,1,right,first,red,13,
8154,5,3,3,6.3737168,1,1,right,first,red,13,0
8154,6,4,1,6.3737168,1,1,right,first,red,13,1
8154,7,7,0,6.3737168,1,1,right,first,red,13,
8154,8,5,0,6.3737168,1,1,right,first,red,13,1
8154,9,6,1,6.3737168,1,1,right,first,red,13,0
8154,10,10,1,6.3737168,1,1,right,first,red,13,
8154,11,7,1,6.3737168,1,1,right,first,red,13,0
8154,12,8,1,6.3737168,1,1,right,first,red,13,1
8154,13,13,0,6.3737168,1,1,right,first,red,13,
8155,1,1,6,11.268993,0,1,right,second,red,15,
8155,2,1,3,11.268993,0,1,right,second,red,15,0
8155,3,2,3,11.268993,0,1,right,second,red,15,1
8155,4,4,3,11.268993,0,1,right,second,red,15,
8155,5,3,1,11.268993,0,1,right,second,red,15,1
8155,6,4,2,11.268993,0,1,right,second,red,15,0
8155,7,7,4,11.268993,0,1,right,second,red,15,
8155,8,5,0,11.268993,0,1,right,second,red,15,0
8155,9,6,1,11.268993,0,1,right,second,red,15,1
8155,10,10,2,11.268993,0,1,right,second,red,15,
8155,11,7,0,11.268993,0,1,right,second,red,15,1
8155,12,8,0,11.268993,0,1,right,second,red,15,0
8155,13,13,0,11.268993,0,1,right,second,red,15,
8156,1,1,1,5.6180696,0,1,right,first,blue,6,
8156,2,1,0,5.6180696,0,1,right,first,blue,6,1
8156,3,2,1,5.6180696,0,1,right,first,blue,6,0
8156,4,4,0,5.6180696,0,1,right,first,blue,6,
8156,5,3,1,5.6180696,0,1,right,first,blue,6,0
8156,6,4,1,5.6180696,0,1,right,first,blue,6,1
8156,7,7,0,5.6180696,0,1,right,first,blue,6,
8156,8,5,2,5.6180696,0,1,right,first,blue,6,1
8156,9,6,1,5.6180696,0,1,right,first,blue,6,0
8156,10,10,2,5.6180696,0,1,right,first,blue,6,
8156,11,7,1,5.6180696,0,1,right,first,blue,6,0
8156,12,8,1,5.6180696,0,1,right,first,blue,6,1
8156,13,13,1,5.6180696,0,1,right,first,blue,6,
8157,1,1,5,2.1355236,1,1,right,second,blue,7,
8157,2,1,1,2.1355236,1,1,right,second,blue,7,0
8157,3,2,3,2.1355236,1,1,right,second,blue,7,1
8157,4,4,1,2.1355236,1,1,right,second,blue,7,
8157,5,3,5,2.1355236,1,1,right,second,blue,7,1
8157,6,4,4,2.1355236,1,1,right,second,blue,7,0
8157,7,7,2,2.1355236,1,1,right,second,blue,7,
8157,8,5,2,2.1355236,1,1,right,second,blue,7,0
8157,9,6,1,2.1355236,1,1,right,second,blue,7,1
8157,10,10,1,2.1355236,1,1,right,second,blue,7,
8157,11,7,2,2.1355236,1,1,right,second,blue,7,1
8157,12,8,3,2.1355236,1,1,right,second,blue,7,0
8157,13,13,0,2.1355236,1,1,right,second,blue,7,
8158,1,1,1,3.909651,1,1,right,second,red,16,
8158,2,1,0,3.909651,1,1,right,second,red,16,0
8158,3,2,0,3.909651,1,1,right,second,red,16,1
8158,4,4,4,3.909651,1,1,right,second,red,16,
8158,5,3,0,3.909651,1,1,right,second,red,16,1
8158,6,4,1,3.909651,1,1,right,second,red,16,0
8158,7,7,1,3.909651,1,1,right,second,red,16,
8158,8,5,0,3.909651,1,1,right,second,red,16,0
8158,9,6,1,3.909651,1,1,right,second,red,16,1
8158,10,10,4,3.909651,1,1,right,second,red,16,
8158,11,7,0,3.909651,1,1,right,second,red,16,1
8158,12,8,1,3.909651,1,1,right,second,red,16,0
8158,13,13,2,3.909651,1,1,right,second,red,16,
8159,1,1,2,11.86037,0,1,right,first,blue,5,
8159,2,1,4,11.86037,0,1,right,first,blue,5,1
8159,3,2,4,11.86037,0,1,right,first,blue,5,0
8159,4,4,2,11.86037,0,1,right,first,blue,5,
8159,5,3,3,11.86037,0,1,right,first,blue,5,0
8159,6,4,2,11.86037,0,1,right,first,blue,5,1
8159,7,7,4,11.86037,0,1,right,first,blue,5,
8159,8,5,4,11.86037,0,1,right,first,blue,5,1
8159,9,6,4,11.86037,0,1,right,first,blue,5,0
8159,10,10,3,11.86037,0,1,right,first,blue,5,
8159,11,7,4,11.86037,0,1,right,first,blue,5,0
8159,12,8,4,11.86037,0,1,right,first,blue,5,1
8159,13,13,2,11.86037,0,1,right,first,blue,5,
8160,1,1,1,10.61191,0,1,right,second,blue,7,
8160,2,1,3,10.61191,0,1,right,second,blue,7,0
8160,3,2,0,10.61191,0,1,right,second,blue,7,1
8160,4,4,1,10.61191,0,1,right,second,blue,7,
8160,5,3,0,10.61191,0,1,right,second,blue,7,1
8160,6,4,3,10.61191,0,1,right,second,blue,7,0
8160,7,7,2,10.61191,0,1,right,second,blue,7,
8160,8,5,0,10.61191,0,1,right,second,blue,7,0
8160,9,6,0,10.61191,0,1,right,second,blue,7,1
8160,10,10,0,10.61191,0,1,right,second,blue,7,
8160,11,7,0,10.61191,0,1,right,second,blue,7,1
8160,12,8,0,10.61191,0,1,right,second,blue,7,0
8160,13,13,0,10.61191,0,1,right,second,blue,7,
8162,1,1,0,2.661191,0,1,right,first,red,13,
8162,2,1,1,2.661191,0,1,right,first,red,13,1
8162,3,2,0,2.661191,0,1,right,first,red,13,0
8162,4,4,1,2.661191,0,1,right,first,red,13,
8162,5,3,1,2.661191,0,1,right,first,red,13,0
8162,6,4,2,2.661191,0,1,right,first,red,13,1
8162,7,7,1,2.661191,0,1,right,first,red,13,
8162,8,5,3,2.661191,0,1,right,first,red,13,1
8162,9,6,0,2.661191,0,1,right,first,red,13,0
8162,10,10,2,2.661191,0,1,right,first,red,13,
8162,11,7,1,2.661191,0,1,right,first,red,13,0
8162,12,8,0,2.661191,0,1,right,first,red,13,1
8162,13,13,2,2.661191,0,1,right,first,red,13,
8164,1,1,0,2.6940451,1,1,left,first,blue,9,
8164,2,1,5,2.6940451,1,1,left,first,blue,9,1
8164,3,2,0,2.6940451,1,1,left,first,blue,9,0
8164,4,4,0,2.6940451,1,1,left,first,blue,9,
8164,5,3,0,2.6940451,1,1,left,first,blue,9,0
8164,6,4,1,2.6940451,1,1,left,first,blue,9,1
8164,7,7,3,2.6940451,1,1,left,first,blue,9,
8164,8,5,1,2.6940451,1,1,left,first,blue,9,1
8164,9,6,1,2.6940451,1,1,left,first,blue,9,0
8164,10,10,0,2.6940451,1,1,left,first,blue,9,
8164,11,7,1,2.6940451,1,1,left,first,blue,9,0
8164,12,8,0,2.6940451,1,1,left,first,blue,9,1
8164,13,13,0,2.6940451,1,1,left,first,blue,9,
